{
	"credit": "Made with Blockbench",
	"ambientocclusion": false,
	"texture_size": [
		64,
		64
	],
	"textures": {
		"0": "elitemobs:items/bronzecrossbow",
		"particle": "elitemobs:items/bronzecrossbow"
	},
	"elements": [
		{
			"from": [
				7.5,
				18,
				5
			],
			"to": [
				17.5,
				19,
				5
			],
			"rotation": {
				"angle": 0,
				"axis": "y",
				"origin": [
					17.5,
					18.5,
					5
				]
			},
			"faces": {
				"north": {
					"uv": [
						10,
						0,
						12.5,
						0.25
					],
					"texture": "#0"
				},
				"east": {
					"uv": [
						10,
						0,
						10,
						0.25
					],
					"texture": "#0"
				},
				"south": {
					"uv": [
						12.5,
						0,
						15,
						0.25
					],
					"texture": "#0"
				},
				"west": {
					"uv": [
						12.5,
						0,
						12.5,
						0.25
					],
					"texture": "#0"
				},
				"up": {
					"uv": [
						12.5,
						0,
						10,
						0
					],
					"texture": "#0"
				},
				"down": {
					"uv": [
						15,
						0,
						12.5,
						0
					],
					"texture": "#0"
				}
			}
		},
		{
			"from": [
				6,
				15.75,
				0
			],
			"to": [
				10,
				18.75,
				11
			],
			"rotation": {
				"angle": 0,
				"axis": "y",
				"origin": [
					8,
					16.25,
					8.51517
				]
			},
			"faces": {
				"north": {
					"uv": [
						2.75,
						9.25,
						3.75,
						10
					],
					"texture": "#0"
				},
				"east": {
					"uv": [
						0,
						9.25,
						2.75,
						10
					],
					"texture": "#0"
				},
				"south": {
					"uv": [
						6.5,
						9.25,
						7.5,
						10
					],
					"texture": "#0"
				},
				"west": {
					"uv": [
						3.75,
						9.25,
						6.5,
						10
					],
					"texture": "#0"
				},
				"up": {
					"uv": [
						3.75,
						9.25,
						2.75,
						6.5
					],
					"texture": "#0"
				},
				"down": {
					"uv": [
						4.75,
						6.5,
						3.75,
						9.25
					],
					"texture": "#0"
				}
			}
		},
		{
			"from": [
				5.75,
				14.6,
				-0.05
			],
			"to": [
				10.25,
				17.1,
				11.45
			],
			"rotation": {
				"angle": 0,
				"axis": "y",
				"origin": [
					8,
					16.25,
					8.51517
				]
			},
			"faces": {
				"north": {
					"uv": [
						10.25,
						7.25,
						11.25,
						7.75
					],
					"texture": "#0"
				},
				"east": {
					"uv": [
						7.5,
						7.25,
						10.25,
						7.75
					],
					"texture": "#0"
				},
				"south": {
					"uv": [
						14,
						7.25,
						15,
						7.75
					],
					"texture": "#0"
				},
				"west": {
					"uv": [
						11.25,
						7.25,
						14,
						7.75
					],
					"texture": "#0"
				},
				"up": {
					"uv": [
						11.25,
						7.25,
						10.25,
						4.5
					],
					"texture": "#0"
				},
				"down": {
					"uv": [
						12.25,
						4.5,
						11.25,
						7.25
					],
					"texture": "#0"
				}
			}
		},
		{
			"from": [
				7.48854,
				16.25,
				-1.25092
			],
			"to": [
				10.48854,
				19.25,
				1.74908
			],
			"rotation": {
				"angle": 22.5,
				"axis": "y",
				"origin": [
					8,
					16.25,
					8.51517
				]
			},
			"faces": {
				"north": {
					"uv": [
						10.75,
						1.25,
						11.5,
						2
					],
					"texture": "#0"
				},
				"east": {
					"uv": [
						10,
						1.25,
						10.75,
						2
					],
					"texture": "#0"
				},
				"south": {
					"uv": [
						12.25,
						1.25,
						13,
						2
					],
					"texture": "#0"
				},
				"west": {
					"uv": [
						11.5,
						1.25,
						12.25,
						2
					],
					"texture": "#0"
				},
				"up": {
					"uv": [
						11.5,
						1.25,
						10.75,
						0.5
					],
					"texture": "#0"
				},
				"down": {
					"uv": [
						12.25,
						0.5,
						11.5,
						1.25
					],
					"texture": "#0"
				}
			}
		},
		{
			"from": [
				1.66242,
				16.5,
				-0.11824
			],
			"to": [
				8.16242,
				19,
				1.38176
			],
			"rotation": {
				"angle": 22.5,
				"axis": "y",
				"origin": [
					8,
					16.25,
					8.51517
				]
			},
			"faces": {
				"north": {
					"uv": [
						0.25,
						10.5,
						1.75,
						11
					],
					"texture": "#0"
				},
				"east": {
					"uv": [
						0,
						10.5,
						0.25,
						11
					],
					"texture": "#0"
				},
				"south": {
					"uv": [
						2,
						10.5,
						3.5,
						11
					],
					"texture": "#0"
				},
				"west": {
					"uv": [
						1.75,
						10.5,
						2,
						11
					],
					"texture": "#0"
				},
				"up": {
					"uv": [
						1.75,
						10.5,
						0.25,
						10.25
					],
					"texture": "#0"
				},
				"down": {
					"uv": [
						3.25,
						10.25,
						1.75,
						10.5
					],
					"texture": "#0"
				}
			}
		},
		{
			"from": [
				3.64266,
				15.75,
				-1.59776
			],
			"to": [
				5.64266,
				19.75,
				-0.59776
			],
			"rotation": {
				"angle": 45,
				"axis": "y",
				"origin": [
					8,
					16.25,
					8.51517
				]
			},
			"faces": {
				"north": {
					"uv": [
						3.5,
						2.5,
						4,
						3.5
					],
					"texture": "#0"
				},
				"east": {
					"uv": [
						3.25,
						2.5,
						3.5,
						3.5
					],
					"texture": "#0"
				},
				"south": {
					"uv": [
						4.25,
						2.5,
						4.75,
						3.5
					],
					"texture": "#0"
				},
				"west": {
					"uv": [
						4,
						2.5,
						4.25,
						3.5
					],
					"texture": "#0"
				},
				"up": {
					"uv": [
						4,
						2.5,
						3.5,
						2.25
					],
					"texture": "#0"
				},
				"down": {
					"uv": [
						4.5,
						2.25,
						4,
						2.5
					],
					"texture": "#0"
				}
			}
		},
		{
			"from": [
				5.51146,
				16.25,
				-1.25092
			],
			"to": [
				8.51146,
				19.25,
				1.74908
			],
			"rotation": {
				"angle": -22.5,
				"axis": "y",
				"origin": [
					8,
					16.25,
					8.51517
				]
			},
			"faces": {
				"north": {
					"uv": [
						5.75,
						8,
						6.5,
						8.75
					],
					"texture": "#0"
				},
				"east": {
					"uv": [
						5,
						8,
						5.75,
						8.75
					],
					"texture": "#0"
				},
				"south": {
					"uv": [
						7.25,
						8,
						8,
						8.75
					],
					"texture": "#0"
				},
				"west": {
					"uv": [
						6.5,
						8,
						7.25,
						8.75
					],
					"texture": "#0"
				},
				"up": {
					"uv": [
						6.5,
						8,
						5.75,
						7.25
					],
					"texture": "#0"
				},
				"down": {
					"uv": [
						7.25,
						7.25,
						6.5,
						8
					],
					"texture": "#0"
				}
			}
		},
		{
			"from": [
				5.41146,
				16.15,
				-1.35092
			],
			"to": [
				8.61146,
				19.35,
				1.84908
			],
			"rotation": {
				"angle": -22.5,
				"axis": "y",
				"origin": [
					8,
					16.25,
					8.51517
				]
			},
			"faces": {
				"north": {
					"uv": [
						6,
						2.5,
						6.75,
						3.25
					],
					"texture": "#0"
				},
				"east": {
					"uv": [
						5.25,
						2.5,
						6,
						3.25
					],
					"texture": "#0"
				},
				"south": {
					"uv": [
						7.5,
						2.5,
						8.25,
						3.25
					],
					"texture": "#0"
				},
				"west": {
					"uv": [
						6.75,
						2.5,
						7.5,
						3.25
					],
					"texture": "#0"
				},
				"up": {
					"uv": [
						6.75,
						2.5,
						6,
						1.75
					],
					"texture": "#0"
				},
				"down": {
					"uv": [
						7.5,
						1.75,
						6.75,
						2.5
					],
					"texture": "#0"
				}
			}
		},
		{
			"from": [
				7.38854,
				16.15,
				-1.35092
			],
			"to": [
				10.58854,
				19.35,
				1.84908
			],
			"rotation": {
				"angle": 22.5,
				"axis": "y",
				"origin": [
					8,
					16.25,
					8.51517
				]
			},
			"faces": {
				"north": {
					"uv": [
						6,
						0.75,
						6.75,
						1.5
					],
					"texture": "#0"
				},
				"east": {
					"uv": [
						5.25,
						0.75,
						6,
						1.5
					],
					"texture": "#0"
				},
				"south": {
					"uv": [
						7.5,
						0.75,
						8.25,
						1.5
					],
					"texture": "#0"
				},
				"west": {
					"uv": [
						6.75,
						0.75,
						7.5,
						1.5
					],
					"texture": "#0"
				},
				"up": {
					"uv": [
						6.75,
						0.75,
						6,
						0
					],
					"texture": "#0"
				},
				"down": {
					"uv": [
						7.5,
						0,
						6.75,
						0.75
					],
					"texture": "#0"
				}
			}
		},
		{
			"from": [
				7.83758,
				16.5,
				-0.11824
			],
			"to": [
				14.33758,
				19,
				1.38176
			],
			"rotation": {
				"angle": -22.5,
				"axis": "y",
				"origin": [
					8,
					16.25,
					8.51517
				]
			},
			"faces": {
				"north": {
					"uv": [
						10.25,
						2.5,
						11.75,
						3
					],
					"texture": "#0"
				},
				"east": {
					"uv": [
						10,
						2.5,
						10.25,
						3
					],
					"texture": "#0"
				},
				"south": {
					"uv": [
						12,
						2.5,
						13.5,
						3
					],
					"texture": "#0"
				},
				"west": {
					"uv": [
						11.75,
						2.5,
						12,
						3
					],
					"texture": "#0"
				},
				"up": {
					"uv": [
						11.75,
						2.5,
						10.25,
						2.25
					],
					"texture": "#0"
				},
				"down": {
					"uv": [
						13.25,
						2.25,
						11.75,
						2.5
					],
					"texture": "#0"
				}
			}
		},
		{
			"from": [
				10.35734,
				15.75,
				-1.59776
			],
			"to": [
				12.35734,
				19.75,
				-0.59776
			],
			"rotation": {
				"angle": -45,
				"axis": "y",
				"origin": [
					8,
					16.25,
					8.51517
				]
			},
			"faces": {
				"north": {
					"uv": [
						2.5,
						0.25,
						3,
						1.25
					],
					"texture": "#0"
				},
				"east": {
					"uv": [
						2.25,
						0.25,
						2.5,
						1.25
					],
					"texture": "#0"
				},
				"south": {
					"uv": [
						3.25,
						0.25,
						3.75,
						1.25
					],
					"texture": "#0"
				},
				"west": {
					"uv": [
						3,
						0.25,
						3.25,
						1.25
					],
					"texture": "#0"
				},
				"up": {
					"uv": [
						3,
						0.25,
						2.5,
						0
					],
					"texture": "#0"
				},
				"down": {
					"uv": [
						3.5,
						0,
						3,
						0.25
					],
					"texture": "#0"
				}
			}
		},
		{
			"from": [
				6.5,
				6.28065,
				11.88097
			],
			"to": [
				9.5,
				13.28065,
				14.88097
			],
			"rotation": {
				"angle": -45,
				"axis": "x",
				"origin": [
					8,
					16.25,
					8.51517
				]
			},
			"faces": {
				"north": {
					"uv": [
						0.75,
						3,
						1.5,
						4.75
					],
					"texture": "#0"
				},
				"east": {
					"uv": [
						0,
						3,
						0.75,
						4.75
					],
					"texture": "#0"
				},
				"south": {
					"uv": [
						2.25,
						3,
						3,
						4.75
					],
					"texture": "#0"
				},
				"west": {
					"uv": [
						1.5,
						3,
						2.25,
						4.75
					],
					"texture": "#0"
				},
				"up": {
					"uv": [
						1.5,
						3,
						0.75,
						2.25
					],
					"texture": "#0"
				},
				"down": {
					"uv": [
						2.25,
						2.25,
						1.5,
						3
					],
					"texture": "#0"
				}
			}
		},
		{
			"from": [
				6.75,
				14.75,
				6.75
			],
			"to": [
				9.25,
				18.25,
				15.25
			],
			"rotation": {
				"angle": 0,
				"axis": "y",
				"origin": [
					8,
					16.25,
					8.51517
				]
			},
			"faces": {
				"north": {
					"uv": [
						9.75,
						10,
						10.25,
						10.75
					],
					"texture": "#0"
				},
				"east": {
					"uv": [
						7.75,
						10,
						9.75,
						10.75
					],
					"texture": "#0"
				},
				"south": {
					"uv": [
						12.25,
						10,
						12.75,
						10.75
					],
					"texture": "#0"
				},
				"west": {
					"uv": [
						10.25,
						10,
						12.25,
						10.75
					],
					"texture": "#0"
				},
				"up": {
					"uv": [
						10.25,
						10,
						9.75,
						8
					],
					"texture": "#0"
				},
				"down": {
					"uv": [
						10.75,
						8,
						10.25,
						10
					],
					"texture": "#0"
				}
			}
		},
		{
			"from": [
				7.5,
				13,
				11
			],
			"to": [
				8.5,
				15,
				17
			],
			"rotation": {
				"angle": 0,
				"axis": "y",
				"origin": [
					8,
					16.25,
					8.51517
				]
			},
			"faces": {
				"north": {
					"uv": [
						1.5,
						1.5,
						1.75,
						2
					],
					"texture": "#0"
				},
				"east": {
					"uv": [
						0,
						1.5,
						1.5,
						2
					],
					"texture": "#0"
				},
				"south": {
					"uv": [
						3.25,
						1.5,
						3.5,
						2
					],
					"texture": "#0"
				},
				"west": {
					"uv": [
						1.75,
						1.5,
						3.25,
						2
					],
					"texture": "#0"
				},
				"up": {
					"uv": [
						1.75,
						1.5,
						1.5,
						0
					],
					"texture": "#0"
				},
				"down": {
					"uv": [
						2,
						0,
						1.75,
						1.5
					],
					"texture": "#0"
				}
			}
		},
		{
			"from": [
				-1.5,
				18,
				5
			],
			"to": [
				8.5,
				19,
				5
			],
			"rotation": {
				"angle": 0,
				"axis": "y",
				"origin": [
					-1.5,
					18.5,
					5
				]
			},
			"faces": {
				"north": {
					"uv": [
						5,
						6.5,
						7.5,
						6.75
					],
					"texture": "#0"
				},
				"east": {
					"uv": [
						5,
						6.5,
						5,
						6.75
					],
					"texture": "#0"
				},
				"south": {
					"uv": [
						7.5,
						6.5,
						10,
						6.75
					],
					"texture": "#0"
				},
				"west": {
					"uv": [
						7.5,
						6.5,
						7.5,
						6.75
					],
					"texture": "#0"
				},
				"up": {
					"uv": [
						7.5,
						6.5,
						5,
						6.5
					],
					"texture": "#0"
				},
				"down": {
					"uv": [
						10,
						6.5,
						7.5,
						6.5
					],
					"texture": "#0"
				}
			}
		}
	],
	"display": {
		"thirdperson_righthand": {
			"translation": [
				0,
				-6.25,
				-5
			],
			"scale": [
				0.8,
				0.8,
				0.8
			]
		},
		"thirdperson_lefthand": {
			"translation": [
				0,
				-6.5,
				-4.75
			],
			"scale": [
				0.8,
				0.8,
				0.8
			]
		},
		"firstperson_righthand": {
			"rotation": [
				0,
				-9,
				0
			],
			"translation": [
				2,
				-6.75,
				6.75
			]
		},
		"firstperson_lefthand": {
			"rotation": [
				0,
				-9,
				0
			],
			"translation": [
				2,
				-6.75,
				6.75
			]
		},
		"ground": {
			"translation": [
				0,
				-4,
				0
			],
			"scale": [
				0.65,
				0.65,
				0.65
			]
		},
		"gui": {
			"rotation": [
				90,
				45,
				0
			],
			"translation": [
				0.25,
				-0.25,
				0
			],
			"scale": [
				0.8,
				0.8,
				0.8
			]
		},
		"head": {
			"rotation": [
				-42.25,
				0,
				0
			],
			"translation": [
				0,
				-12.25,
				-10.75
			]
		},
		"fixed": {
			"rotation": [
				90,
				-45,
				-180
			],
			"translation": [
				-0.5,
				-0.75,
				7
			],
			"scale": [
				0.92,
				0.92,
				0.92
			]
		},
		"on_shelf": {
			"rotation": [
				90,
				0,
				0
			],
			"translation": [
				0,
				0,
				-7.5
			],
			"scale": [
				0.9,
				0.9,
				0.9
			]
		}
	},
	"groups": [
		{
			"name": "Crossbow",
			"origin": [
				-1.5,
				18.5,
				-5
			],
			"color": 0,
			"children": [
				{
					"name": "LeftString",
					"origin": [
						8,
						16.25,
						-1.48483
					],
					"color": 0,
					"children": [
						0
					]
				},
				1,
				2,
				3,
				4,
				5,
				6,
				7,
				8,
				9,
				10,
				11,
				12,
				13,
				{
					"name": "RightString",
					"origin": [
						8,
						16.25,
						-1.48483
					],
					"color": 0,
					"children": [
						14
					]
				}
			]
		}
	]
}