{
	"credit": "Made with Blockbench",
	"ambientocclusion": false,
	"texture_size": [128, 128],
	"textures": {
		"0": "elitemobs:items/bronzehelmet",
		"particle": "elitemobs:items/bronzehelmet"
	},
	"elements": [
		{
			"from": [3.25, 5.75, 3.25],
			"to": [12.75, 15.25, 12.75],
			"rotation": {"angle": 0, "axis": "y", "origin": [8, 11.75, 9.25]},
			"faces": {
				"north": {"uv": [1.125, 3.625, 2.25, 4.75], "texture": "#0"},
				"east": {"uv": [0, 3.625, 1.125, 4.75], "texture": "#0"},
				"south": {"uv": [3.375, 3.625, 4.5, 4.75], "texture": "#0"},
				"west": {"uv": [2.25, 3.625, 3.375, 4.75], "texture": "#0"},
				"up": {"uv": [2.25, 3.625, 1.125, 2.5], "texture": "#0"},
				"down": {"uv": [3.375, 2.5, 2.25, 3.625], "texture": "#0"}
			}
		},
		{
			"from": [3.15, 4.65, 3.15],
			"to": [12.85, 15.35, 12.85],
			"rotation": {"angle": 0, "axis": "y", "origin": [8, 11.75, 9.25]},
			"faces": {
				"north": {"uv": [1.125, 1.125, 2.25, 2.375], "texture": "#0"},
				"east": {"uv": [0, 1.125, 1.125, 2.375], "texture": "#0"},
				"south": {"uv": [3.375, 1.125, 4.5, 2.375], "texture": "#0"},
				"west": {"uv": [2.25, 1.125, 3.375, 2.375], "texture": "#0"},
				"up": {"uv": [2.25, 1.125, 1.125, 0], "texture": "#0"},
				"down": {"uv": [3.375, 0, 2.25, 1.125], "texture": "#0"}
			}
		},
		{
			"from": [6.5, 9, 2.5],
			"to": [9.5, 16, 13.5],
			"rotation": {"angle": 0, "axis": "y", "origin": [8, 11.75, 9.25]},
			"faces": {
				"north": {"uv": [4.875, 2.5, 5.25, 3.375], "texture": "#0"},
				"east": {"uv": [3.5, 2.5, 4.875, 3.375], "texture": "#0"},
				"south": {"uv": [6.625, 2.5, 7, 3.375], "texture": "#0"},
				"west": {"uv": [5.25, 2.5, 6.625, 3.375], "texture": "#0"},
				"up": {"uv": [5.25, 2.5, 4.875, 1.125], "texture": "#0"},
				"down": {"uv": [5.625, 1.125, 5.25, 2.5], "texture": "#0"}
			}
		},
		{
			"from": [6.9, 7.9, 4.9],
			"to": [9.1, 19.1, 16.1],
			"rotation": {"angle": 0, "axis": "y", "origin": [8, 11.75, 9.25]},
			"faces": {
				"north": {"uv": [4.75, 5, 5, 6.375], "texture": "#0"},
				"east": {"uv": [3.375, 5, 4.75, 6.375], "texture": "#0"},
				"south": {"uv": [6.375, 5, 6.625, 6.375], "texture": "#0"},
				"west": {"uv": [5, 5, 6.375, 6.375], "texture": "#0"},
				"up": {"uv": [5, 5, 4.75, 3.625], "texture": "#0"},
				"down": {"uv": [5.25, 3.625, 5, 5], "texture": "#0"}
			}
		},
		{
			"from": [6.25, 5.75, 3.75],
			"to": [9.75, 18.25, 17.25],
			"rotation": {"angle": 0, "axis": "y", "origin": [8, 11.75, 9.25]},
			"faces": {
				"north": {"uv": [1.625, 6.625, 2, 8.125], "texture": "#0"},
				"east": {"uv": [0, 6.625, 1.625, 8.125], "texture": "#0"},
				"south": {"uv": [3.625, 6.625, 4, 8.125], "texture": "#0"},
				"west": {"uv": [2, 6.625, 3.625, 8.125], "texture": "#0"},
				"up": {"uv": [2, 6.625, 1.625, 5], "texture": "#0"},
				"down": {"uv": [2.375, 5, 2, 6.625], "texture": "#0"}
			}
		},
		{
			"from": [8, 5, 3],
			"to": [8, 21, 18],
			"rotation": {"angle": 0, "axis": "y", "origin": [8, 11.75, 9.25]},
			"faces": {
				"north": {"uv": [1.875, 8.375, 1.875, 10.375], "texture": "#0"},
				"east": {"uv": [0, 8.375, 1.875, 10.375], "texture": "#0"},
				"south": {"uv": [3.75, 8.375, 3.75, 10.375], "texture": "#0"},
				"west": {"uv": [1.875, 8.375, 3.75, 10.375], "texture": "#0"},
				"up": {"uv": [1.875, 8.375, 1.875, 6.5], "texture": "#0"},
				"down": {"uv": [1.875, 6.5, 1.875, 8.375], "texture": "#0"}
			}
		}
	],
	"display": {
		"thirdperson_righthand": {
			"rotation": [-13, 133, 0],
			"translation": [0.75, 0.25, -2],
			"scale": [0.55, 0.55, 0.55]
		},
		"thirdperson_lefthand": {
			"rotation": [13, 133, 0],
			"translation": [0, 0.75, -2.5],
			"scale": [0.55, 0.55, 0.55]
		},
		"firstperson_righthand": {
			"rotation": [0, 146, 0],
			"translation": [-0.5, 3.5, -1.5],
			"scale": [0.75, 0.75, 0.75]
		},
		"firstperson_lefthand": {
			"rotation": [0, 146, 0],
			"translation": [-0.5, 2.25, -1.5],
			"scale": [0.75, 0.75, 0.75]
		},
		"ground": {
			"translation": [0, 2.25, 0],
			"scale": [0.65, 0.65, 0.65]
		},
		"gui": {
			"rotation": [0, -180, 0],
			"translation": [0, -4, 0]
		},
		"head": {
			"translation": [0, -3.75, 0],
			"scale": [1.55, 1.55, 1.55]
		},
		"fixed": {
			"translation": [0, -3.75, 0]
		},
		"on_shelf": {
			"rotation": [-180, 0, -180]
		}
	},
	"groups": [
		{
			"name": "Head",
			"origin": [0, 24, 0],
			"color": 0,
			"children": [0, 1, 2, 3, 4, 5]
		}
	]
}
