{
	"credit": "Made with Blockbench",
	"ambientocclusion": false,
	"texture_size": [64, 64],
	"textures": {
		"0": "elitemobs:items/corruptedgoldbow1",
		"particle": "elitemobs:items/corruptedgoldbow1"
	},
	"elements": [
		{
			"from": [7, 6.5, 6],
			"to": [9, 13.5, 8],
			"rotation": {"angle": 0, "axis": "y", "origin": [7.95, 10, 7.53033]},
			"faces": {
				"north": {"uv": [11, 0.5, 11.5, 2.25], "texture": "#0"},
				"east": {"uv": [10.5, 0.5, 11, 2.25], "texture": "#0"},
				"south": {"uv": [12, 0.5, 12.5, 2.25], "texture": "#0"},
				"west": {"uv": [11.5, 0.5, 12, 2.25], "texture": "#0"},
				"up": {"uv": [11.5, 0.5, 11, 0], "texture": "#0"},
				"down": {"uv": [12, 0, 11.5, 0.5], "texture": "#0"}
			}
		},
		{
			"from": [7, 8.97855, -0.19822],
			"to": [9, 21.97855, 1.80178],
			"rotation": {"angle": 45, "axis": "x", "origin": [7.95, 10, 7.53033]},
			"faces": {
				"north": {"uv": [7.25, 11.25, 7.75, 14.5], "texture": "#0"},
				"east": {"uv": [6.75, 11.25, 7.25, 14.5], "texture": "#0"},
				"south": {"uv": [8.25, 11.25, 8.75, 14.5], "texture": "#0"},
				"west": {"uv": [7.75, 11.25, 8.25, 14.5], "texture": "#0"},
				"up": {"uv": [7.75, 11.25, 7.25, 10.75], "texture": "#0"},
				"down": {"uv": [8.25, 10.75, 7.75, 11.25], "texture": "#0"}
			}
		},
		{
			"from": [6.25, 8.72855, -0.44822],
			"to": [9.75, 13.22855, 2.05178],
			"rotation": {"angle": 45, "axis": "x", "origin": [7.95, 10, 7.53033]},
			"faces": {
				"north": {"uv": [11.75, 4, 12.5, 5], "texture": "#0"},
				"east": {"uv": [11.25, 4, 11.75, 5], "texture": "#0"},
				"south": {"uv": [13, 4, 13.75, 5], "texture": "#0"},
				"west": {"uv": [12.5, 4, 13, 5], "texture": "#0"},
				"up": {"uv": [12.5, 4, 11.75, 3.5], "texture": "#0"},
				"down": {"uv": [13.25, 3.5, 12.5, 4], "texture": "#0"}
			}
		},
		{
			"from": [6.25, 6.77145, -0.44822],
			"to": [9.75, 11.27145, 2.05178],
			"rotation": {"angle": -45, "axis": "x", "origin": [7.95, 10, 7.53033]},
			"faces": {
				"north": {"uv": [11, 11.25, 11.75, 12.25], "texture": "#0"},
				"east": {"uv": [10.5, 11.25, 11, 12.25], "texture": "#0"},
				"south": {"uv": [12.25, 11.25, 13, 12.25], "texture": "#0"},
				"west": {"uv": [11.75, 11.25, 12.25, 12.25], "texture": "#0"},
				"up": {"uv": [11.75, 11.25, 11, 10.75], "texture": "#0"},
				"down": {"uv": [12.5, 10.75, 11.75, 11.25], "texture": "#0"}
			}
		},
		{
			"from": [6.5, 22.08148, 10.09619],
			"to": [9.5, 25.08148, 13.09619],
			"rotation": {"angle": 0, "axis": "y", "origin": [7.95, 10, 7.53033]},
			"faces": {
				"north": {"uv": [8.75, 6, 9.5, 6.75], "texture": "#0"},
				"east": {"uv": [8, 6, 8.75, 6.75], "texture": "#0"},
				"south": {"uv": [10.25, 6, 11, 6.75], "texture": "#0"},
				"west": {"uv": [9.5, 6, 10.25, 6.75], "texture": "#0"},
				"up": {"uv": [9.5, 6, 8.75, 5.25], "texture": "#0"},
				"down": {"uv": [10.25, 5.25, 9.5, 6], "texture": "#0"}
			}
		},
		{
			"from": [7.9, 8.08148, 11.09619],
			"to": [7.9, 25.08148, 12.09619],
			"rotation": {"angle": 0, "axis": "y", "origin": [7.9, 21.58148, 11.59619]},
			"faces": {
				"north": {"uv": [10, 11, 10, 15.25], "texture": "#0"},
				"east": {"uv": [9.75, 11, 10, 15.25], "texture": "#0"},
				"south": {"uv": [10.25, 11, 10.25, 15.25], "texture": "#0"},
				"west": {"uv": [10, 11, 10.25, 15.25], "texture": "#0"},
				"up": {"uv": [10, 11, 10, 10.75], "texture": "#0"},
				"down": {"uv": [10, 10.75, 10, 11], "texture": "#0"}
			}
		},
		{
			"from": [7.9, -5.08148, 11.09619],
			"to": [7.9, 11.91852, 12.09619],
			"rotation": {"angle": 0, "axis": "y", "origin": [7.9, -1.58148, 11.59619]},
			"faces": {
				"north": {"uv": [9.25, 11, 9.25, 15.25], "texture": "#0"},
				"east": {"uv": [9, 11, 9.25, 15.25], "texture": "#0"},
				"south": {"uv": [9.5, 11, 9.5, 15.25], "texture": "#0"},
				"west": {"uv": [9.25, 11, 9.5, 15.25], "texture": "#0"},
				"up": {"uv": [9.25, 11, 9.25, 10.75], "texture": "#0"},
				"down": {"uv": [9.25, 10.75, 9.25, 11], "texture": "#0"}
			}
		},
		{
			"from": [6.5, 12.25899, 1.34903],
			"to": [9.5, 15.25899, 7.34903],
			"rotation": {"angle": 22.5, "axis": "x", "origin": [7.95, 10, 7.53033]},
			"faces": {
				"north": {"uv": [8.75, 2.5, 9.5, 3.25], "texture": "#0"},
				"east": {"uv": [7.25, 2.5, 8.75, 3.25], "texture": "#0"},
				"south": {"uv": [11, 2.5, 11.75, 3.25], "texture": "#0"},
				"west": {"uv": [9.5, 2.5, 11, 3.25], "texture": "#0"},
				"up": {"uv": [9.5, 2.5, 8.75, 1], "texture": "#0"},
				"down": {"uv": [10.25, 1, 9.5, 2.5], "texture": "#0"}
			}
		},
		{
			"from": [6.5, -5.08148, 10.09619],
			"to": [9.5, -2.08148, 13.09619],
			"rotation": {"angle": 0, "axis": "y", "origin": [7.95, 10, 7.53033]},
			"faces": {
				"north": {"uv": [8.75, 4.25, 9.5, 5], "texture": "#0"},
				"east": {"uv": [8, 4.25, 8.75, 5], "texture": "#0"},
				"south": {"uv": [10.25, 4.25, 11, 5], "texture": "#0"},
				"west": {"uv": [9.5, 4.25, 10.25, 5], "texture": "#0"},
				"up": {"uv": [9.5, 4.25, 8.75, 3.5], "texture": "#0"},
				"down": {"uv": [10.25, 3.5, 9.5, 4.25], "texture": "#0"}
			}
		},
		{
			"from": [6.25, 21.83148, 9.84619],
			"to": [9.75, 25.33148, 13.34619],
			"rotation": {"angle": 0, "axis": "y", "origin": [7.95, 10, 7.53033]},
			"faces": {
				"north": {"uv": [0.75, 0.75, 1.5, 1.5], "texture": "#0"},
				"east": {"uv": [0, 0.75, 0.75, 1.5], "texture": "#0"},
				"south": {"uv": [2.25, 0.75, 3, 1.5], "texture": "#0"},
				"west": {"uv": [1.5, 0.75, 2.25, 1.5], "texture": "#0"},
				"up": {"uv": [1.5, 0.75, 0.75, 0], "texture": "#0"},
				"down": {"uv": [2.25, 0, 1.5, 0.75], "texture": "#0"}
			}
		},
		{
			"from": [6.25, -5.33148, 9.84619],
			"to": [9.75, -1.83148, 13.34619],
			"rotation": {"angle": 0, "axis": "y", "origin": [7.95, 10, 7.53033]},
			"faces": {
				"north": {"uv": [0.75, 2.5, 1.5, 3.25], "texture": "#0"},
				"east": {"uv": [0, 2.5, 0.75, 3.25], "texture": "#0"},
				"south": {"uv": [2.25, 2.5, 3, 3.25], "texture": "#0"},
				"west": {"uv": [1.5, 2.5, 2.25, 3.25], "texture": "#0"},
				"up": {"uv": [1.5, 2.5, 0.75, 1.75], "texture": "#0"},
				"down": {"uv": [2.25, 1.75, 1.5, 2.5], "texture": "#0"}
			}
		},
		{
			"from": [7, -1.97855, -0.19822],
			"to": [9, 11.02145, 1.80178],
			"rotation": {"angle": -45, "axis": "x", "origin": [7.95, 10, 7.53033]},
			"faces": {
				"north": {"uv": [5, 11.25, 5.5, 14.5], "texture": "#0"},
				"east": {"uv": [4.5, 11.25, 5, 14.5], "texture": "#0"},
				"south": {"uv": [6, 11.25, 6.5, 14.5], "texture": "#0"},
				"west": {"uv": [5.5, 11.25, 6, 14.5], "texture": "#0"},
				"up": {"uv": [5.5, 11.25, 5, 10.75], "texture": "#0"},
				"down": {"uv": [6, 10.75, 5.5, 11.25], "texture": "#0"}
			}
		},
		{
			"from": [6.75, 8.72855, -0.44822],
			"to": [9.25, 22.22855, 2.05178],
			"rotation": {"angle": 45, "axis": "x", "origin": [7.95, 10, 7.53033]},
			"faces": {
				"north": {"uv": [0.5, 7.75, 1, 11], "texture": "#0"},
				"east": {"uv": [0, 7.75, 0.5, 11], "texture": "#0"},
				"south": {"uv": [1.5, 7.75, 2, 11], "texture": "#0"},
				"west": {"uv": [1, 7.75, 1.5, 11], "texture": "#0"},
				"up": {"uv": [1, 7.75, 0.5, 7.25], "texture": "#0"},
				"down": {"uv": [1.5, 7.25, 1, 7.75], "texture": "#0"}
			}
		},
		{
			"from": [6.75, -2.22855, -0.44822],
			"to": [9.25, 11.27145, 2.05178],
			"rotation": {"angle": -45, "axis": "x", "origin": [7.95, 10, 7.53033]},
			"faces": {
				"north": {"uv": [2.75, 10.75, 3.25, 14], "texture": "#0"},
				"east": {"uv": [2.25, 10.75, 2.75, 14], "texture": "#0"},
				"south": {"uv": [3.75, 10.75, 4.25, 14], "texture": "#0"},
				"west": {"uv": [3.25, 10.75, 3.75, 14], "texture": "#0"},
				"up": {"uv": [3.25, 10.75, 2.75, 10.25], "texture": "#0"},
				"down": {"uv": [3.75, 10.25, 3.25, 10.75], "texture": "#0"}
			}
		},
		{
			"from": [8, -6.63173, -0.85355],
			"to": [8, 6.36827, 14.14645],
			"rotation": {"angle": 0, "axis": "y", "origin": [7.95, 10, 7.53033]},
			"faces": {
				"north": {"uv": [7.75, 7.25, 7.75, 10.5], "texture": "#0"},
				"east": {"uv": [4, 7.25, 7.75, 10.5], "texture": "#0"},
				"south": {"uv": [11.5, 7.25, 11.5, 10.5], "texture": "#0"},
				"west": {"uv": [7.75, 7.25, 11.5, 10.5], "texture": "#0"},
				"up": {"uv": [7.75, 7.25, 7.75, 3.5], "texture": "#0"},
				"down": {"uv": [7.75, 3.5, 7.75, 7.25], "texture": "#0"}
			}
		},
		{
			"from": [8, 13.63173, -0.85355],
			"to": [8, 26.63173, 14.14645],
			"rotation": {"angle": 0, "axis": "y", "origin": [7.95, 10, 7.53033]},
			"faces": {
				"north": {"uv": [3.75, 3.75, 3.75, 7], "texture": "#0"},
				"east": {"uv": [0, 3.75, 3.75, 7], "texture": "#0"},
				"south": {"uv": [7.5, 3.75, 7.5, 7], "texture": "#0"},
				"west": {"uv": [3.75, 3.75, 7.5, 7], "texture": "#0"},
				"up": {"uv": [3.75, 3.75, 3.75, 0], "texture": "#0"},
				"down": {"uv": [3.75, 0, 3.75, 3.75], "texture": "#0"}
			}
		},
		{
			"from": [6.5, 4.74101, 1.34903],
			"to": [9.5, 7.74101, 7.34903],
			"rotation": {"angle": -22.5, "axis": "x", "origin": [7.95, 10, 7.53033]},
			"faces": {
				"north": {"uv": [5.5, 1.5, 6.25, 2.25], "texture": "#0"},
				"east": {"uv": [4, 1.5, 5.5, 2.25], "texture": "#0"},
				"south": {"uv": [7.75, 1.5, 8.5, 2.25], "texture": "#0"},
				"west": {"uv": [6.25, 1.5, 7.75, 2.25], "texture": "#0"},
				"up": {"uv": [6.25, 1.5, 5.5, 0], "texture": "#0"},
				"down": {"uv": [7, 0, 6.25, 1.5], "texture": "#0"}
			}
		}
	],
	"display": {
		"thirdperson_righthand": {
			"translation": [0, -4, 2]
		},
		"thirdperson_lefthand": {
			"translation": [0, -4, 2]
		},
		"firstperson_righthand": {
			"rotation": [5.25, 18, 0],
			"translation": [0.5, 3.5, -1.25]
		},
		"firstperson_lefthand": {
			"rotation": [5.25, 18, 0],
			"translation": [0.5, 5.25, -1.25]
		},
		"ground": {
			"translation": [0, 7.5, 0],
			"scale": [0.65, 0.65, 0.65]
		},
		"gui": {
			"rotation": [90, 45, 90],
			"translation": [0.25, 1.25, 0],
			"scale": [0.51, 0.51, 0.51]
		},
		"fixed": {
			"rotation": [90, 45, 90],
			"translation": [0.25, 1.5, 0],
			"scale": [0.62, 0.62, 0.62]
		},
		"on_shelf": {
			"rotation": [0, 90, 0],
			"translation": [1.25, 0, 0],
			"scale": [0.8, 0.8, 0.8]
		}
	},
	"groups": [
		{
			"name": "Bow",
			"origin": [14, 9.5, -5],
			"color": 0,
			"children": [
				0,
				1,
				2,
				3,
				4,
				{
					"name": "Up",
					"origin": [7.95, 10, 7.53033],
					"color": 0,
					"children": [5]
				},
				{
					"name": "Down",
					"origin": [7.95, 10, 7.53033],
					"color": 0,
					"children": [6]
				},
				7,
				8,
				9,
				10,
				11,
				12,
				13,
				14,
				15,
				16
			]
		}
	]
}
