{
	"credit": "Made with Blockbench",
	"ambientocclusion": false,
	"texture_size": [64, 64],
	"textures": {
		"0": "elitemobs:items/corruptedgoldscythe1",
		"particle": "elitemobs:items/corruptedgoldscythe1"
	},
	"elements": [
		{
			"from": [7, -5, 7],
			"to": [9, 17, 9],
			"rotation": {"angle": 0, "axis": "y", "origin": [8, 11.75, 5]},
			"faces": {
				"north": {"uv": [0.5, 9.75, 1, 15.25], "texture": "#0"},
				"east": {"uv": [0, 9.75, 0.5, 15.25], "texture": "#0"},
				"south": {"uv": [1.5, 9.75, 2, 15.25], "texture": "#0"},
				"west": {"uv": [1, 9.75, 1.5, 15.25], "texture": "#0"},
				"up": {"uv": [1, 9.75, 0.5, 9.25], "texture": "#0"},
				"down": {"uv": [1.5, 9.25, 1, 9.75], "texture": "#0"}
			}
		},
		{
			"from": [6.75, -5.25, 6.75],
			"to": [9.25, 13.25, 9.25],
			"rotation": {"angle": 0, "axis": "y", "origin": [8, 11.75, 5]},
			"faces": {
				"north": {"uv": [2.75, 9.75, 3.25, 14.25], "texture": "#0"},
				"east": {"uv": [2.25, 9.75, 2.75, 14.25], "texture": "#0"},
				"south": {"uv": [3.75, 9.75, 4.25, 14.25], "texture": "#0"},
				"west": {"uv": [3.25, 9.75, 3.75, 14.25], "texture": "#0"},
				"up": {"uv": [3.25, 9.75, 2.75, 9.25], "texture": "#0"},
				"down": {"uv": [3.75, 9.25, 3.25, 9.75], "texture": "#0"}
			}
		},
		{
			"from": [6.5, 4.5, 6.5],
			"to": [9.5, 13.5, 9.5],
			"rotation": {"angle": 0, "axis": "y", "origin": [8, 11.75, 5]},
			"faces": {
				"north": {"uv": [7.25, 4, 7.75, 6], "texture": "#0"},
				"east": {"uv": [6.75, 4, 7.25, 6], "texture": "#0"},
				"south": {"uv": [8.25, 4, 8.75, 6], "texture": "#0"},
				"west": {"uv": [7.75, 4, 8.25, 6], "texture": "#0"},
				"up": {"uv": [7.75, 4, 7.25, 3.5], "texture": "#0"},
				"down": {"uv": [8.25, 3.5, 7.75, 4], "texture": "#0"}
			}
		},
		{
			"from": [7, 18, 2],
			"to": [9, 21, 12],
			"rotation": {"angle": 0, "axis": "y", "origin": [8, 11.75, 5]},
			"faces": {
				"north": {"uv": [2.5, 2.5, 3, 3.25], "texture": "#0"},
				"east": {"uv": [0, 2.5, 2.5, 3.25], "texture": "#0"},
				"south": {"uv": [5.5, 2.5, 6, 3.25], "texture": "#0"},
				"west": {"uv": [3, 2.5, 5.5, 3.25], "texture": "#0"},
				"up": {"uv": [3, 2.5, 2.5, 0], "texture": "#0"},
				"down": {"uv": [3.5, 0, 3, 2.5], "texture": "#0"}
			}
		},
		{
			"from": [7.25, 17.25, -2.25],
			"to": [8.75, 21.75, 7.25],
			"rotation": {"angle": 0, "axis": "y", "origin": [8, 11.75, 5]},
			"faces": {
				"north": {"uv": [9, 2.25, 9.25, 3.25], "texture": "#0"},
				"east": {"uv": [6.75, 2.25, 9, 3.25], "texture": "#0"},
				"south": {"uv": [11.5, 2.25, 11.75, 3.25], "texture": "#0"},
				"west": {"uv": [9.25, 2.25, 11.5, 3.25], "texture": "#0"},
				"up": {"uv": [9.25, 2.25, 9, 0], "texture": "#0"},
				"down": {"uv": [9.5, 0, 9.25, 2.25], "texture": "#0"}
			}
		},
		{
			"from": [8, 14.5, -12],
			"to": [8, 24.5, 16],
			"rotation": {"angle": 0, "axis": "y", "origin": [8, 11.75, 5]},
			"faces": {
				"north": {"uv": [7.25, 6.5, 7.25, 9], "texture": "#0"},
				"east": {"uv": [0.25, 6.5, 7.25, 9], "texture": "#0"},
				"south": {"uv": [14.25, 6.5, 14.25, 9], "texture": "#0"},
				"west": {"uv": [7.25, 6.5, 14.25, 9], "texture": "#0"},
				"up": {"uv": [7.25, 6.5, 7.25, -0.5], "texture": "#0"},
				"down": {"uv": [7.25, -0.5, 7.25, 6.5], "texture": "#0"}
			}
		},
		{
			"from": [6.5, 16, 6.5],
			"to": [9.5, 22, 9.5],
			"rotation": {"angle": 0, "axis": "y", "origin": [8, 11.75, 5]},
			"faces": {
				"north": {"uv": [4, 4.25, 4.75, 5.75], "texture": "#0"},
				"east": {"uv": [3.25, 4.25, 4, 5.75], "texture": "#0"},
				"south": {"uv": [5.5, 4.25, 6.25, 5.75], "texture": "#0"},
				"west": {"uv": [4.75, 4.25, 5.5, 5.75], "texture": "#0"},
				"up": {"uv": [4.75, 4.25, 4, 3.5], "texture": "#0"},
				"down": {"uv": [5.5, 3.5, 4.75, 4.25], "texture": "#0"}
			}
		},
		{
			"from": [6.25, 15.75, 6.25],
			"to": [9.75, 22.25, 9.75],
			"rotation": {"angle": 0, "axis": "y", "origin": [8, 11.75, 5]},
			"faces": {
				"north": {"uv": [0.75, 4.25, 1.5, 5.75], "texture": "#0"},
				"east": {"uv": [0, 4.25, 0.75, 5.75], "texture": "#0"},
				"south": {"uv": [2.25, 4.25, 3, 5.75], "texture": "#0"},
				"west": {"uv": [1.5, 4.25, 2.25, 5.75], "texture": "#0"},
				"up": {"uv": [1.5, 4.25, 0.75, 3.5], "texture": "#0"},
				"down": {"uv": [2.25, 3.5, 1.5, 4.25], "texture": "#0"}
			}
		}
	],
	"display": {
		"thirdperson_righthand": {
			"translation": [0, -2.5, 0.5],
			"scale": [0.85, 0.85, 0.85]
		},
		"thirdperson_lefthand": {
			"translation": [0, -2.5, 0.5],
			"scale": [0.85, 1, 0.8]
		},
		"firstperson_righthand": {
			"translation": [2, 1.75, 0]
		},
		"firstperson_lefthand": {
			"translation": [2, 1, 0]
		},
		"ground": {
			"translation": [0, 5, 0],
			"scale": [0.5, 0.5, 0.5]
		},
		"gui": {
			"rotation": [-90, -60, -90],
			"translation": [-3.75, -1, 0],
			"scale": [0.5, 0.5, 0.5]
		},
		"fixed": {
			"rotation": [-90, -60, -90],
			"translation": [-4.25, -1, 0],
			"scale": [0.6, 0.6, 0.6]
		},
		"on_shelf": {
			"rotation": [0, 90, 0],
			"translation": [4, 0, 0],
			"scale": [0.6, 0.6, 0.6]
		}
	},
	"groups": [
		{
			"name": "Scythe",
			"origin": [0, 0, -2],
			"color": 0,
			"children": [0, 1, 2, 3, 4, 5, 6, 7]
		}
	]
}
