{
	"credit": "Made with Blockbench",
	"ambientocclusion": false,
	"texture_size": [64, 64],
	"textures": {
		"0": "elitemobs:items/corruptedgoldsword1",
		"particle": "elitemobs:items/corruptedgoldsword1"
	},
	"elements": [
		{
			"from": [7, 0, 7],
			"to": [9, 7, 9],
			"rotation": {"angle": 0, "axis": "y", "origin": [8, 8.4375, 7]},
			"faces": {
				"north": {"uv": [0.5, 0.5, 1, 2.25], "texture": "#0"},
				"east": {"uv": [0, 0.5, 0.5, 2.25], "texture": "#0"},
				"south": {"uv": [1.5, 0.5, 2, 2.25], "texture": "#0"},
				"west": {"uv": [1, 0.5, 1.5, 2.25], "texture": "#0"},
				"up": {"uv": [1, 0.5, 0.5, 0], "texture": "#0"},
				"down": {"uv": [1.5, 0, 1, 0.5], "texture": "#0"}
			}
		},
		{
			"from": [6.75, 0.75, 6.75],
			"to": [9.25, 7.25, 9.25],
			"rotation": {"angle": 0, "axis": "y", "origin": [8, 8.4375, 7]},
			"faces": {
				"north": {"uv": [3.25, 0.5, 3.75, 2], "texture": "#0"},
				"east": {"uv": [2.75, 0.5, 3.25, 2], "texture": "#0"},
				"south": {"uv": [4.25, 0.5, 4.75, 2], "texture": "#0"},
				"west": {"uv": [3.75, 0.5, 4.25, 2], "texture": "#0"},
				"up": {"uv": [3.75, 0.5, 3.25, 0], "texture": "#0"},
				"down": {"uv": [4.25, 0, 3.75, 0.5], "texture": "#0"}
			}
		},
		{
			"from": [6.75, -2.25, 6.75],
			"to": [9.25, 0.25, 9.25],
			"rotation": {"angle": 0, "axis": "y", "origin": [8, 8.4375, 7]},
			"faces": {
				"north": {"uv": [8, 0.5, 8.5, 1], "texture": "#0"},
				"east": {"uv": [7.5, 0.5, 8, 1], "texture": "#0"},
				"south": {"uv": [9, 0.5, 9.5, 1], "texture": "#0"},
				"west": {"uv": [8.5, 0.5, 9, 1], "texture": "#0"},
				"up": {"uv": [8.5, 0.5, 8, 0], "texture": "#0"},
				"down": {"uv": [9, 0, 8.5, 0.5], "texture": "#0"}
			}
		},
		{
			"from": [7.25, 7.75, 4.75],
			"to": [8.75, 28, 11.25],
			"rotation": {"angle": 0, "axis": "y", "origin": [8, 8.4375, 7]},
			"faces": {
				"north": {"uv": [6.75, 1.5, 7, 6.25], "texture": "#0"},
				"east": {"uv": [5.25, 1.5, 6.75, 6.25], "texture": "#0"},
				"south": {"uv": [8.5, 1.5, 8.75, 6.25], "texture": "#0"},
				"west": {"uv": [7, 1.5, 8.5, 6.25], "texture": "#0"},
				"up": {"uv": [7, 1.5, 6.75, 0], "texture": "#0"},
				"down": {"uv": [7.25, 0, 7, 1.5], "texture": "#0"}
			}
		},
		{
			"from": [8, -3, 2],
			"to": [8, 32, 14],
			"rotation": {"angle": 0, "axis": "y", "origin": [8, 8.4375, 7]},
			"faces": {
				"north": {"uv": [12.75, 1, 12.75, 9.75], "texture": "#0"},
				"east": {"uv": [9.75, 1, 12.75, 9.75], "texture": "#0"},
				"south": {"uv": [15.75, 1, 15.75, 9.75], "texture": "#0"},
				"west": {"uv": [12.75, 1, 15.75, 9.75], "texture": "#0"},
				"up": {"uv": [12.75, 1, 12.75, -2], "texture": "#0"},
				"down": {"uv": [12.75, -2, 12.75, 1], "texture": "#0"}
			}
		},
		{
			"from": [6.5, 7, 6],
			"to": [9.5, 9, 10],
			"rotation": {"angle": 0, "axis": "y", "origin": [8, 8.4375, 7]},
			"faces": {
				"north": {"uv": [1, 5, 1.75, 5.5], "texture": "#0"},
				"east": {"uv": [0, 5, 1, 5.5], "texture": "#0"},
				"south": {"uv": [2.75, 5, 3.5, 5.5], "texture": "#0"},
				"west": {"uv": [1.75, 5, 2.75, 5.5], "texture": "#0"},
				"up": {"uv": [1.75, 5, 1, 4], "texture": "#0"},
				"down": {"uv": [2.5, 4, 1.75, 5], "texture": "#0"}
			}
		},
		{
			"from": [6.25, 6.75, 5.75],
			"to": [9.75, 9.25, 10.25],
			"rotation": {"angle": 0, "axis": "y", "origin": [8, 8.4375, 7]},
			"faces": {
				"north": {"uv": [1, 3.5, 1.75, 4], "texture": "#0"},
				"east": {"uv": [0, 3.5, 1, 4], "texture": "#0"},
				"south": {"uv": [2.75, 3.5, 3.5, 4], "texture": "#0"},
				"west": {"uv": [1.75, 3.5, 2.75, 4], "texture": "#0"},
				"up": {"uv": [1.75, 3.5, 1, 2.5], "texture": "#0"},
				"down": {"uv": [2.5, 2.5, 1.75, 3.5], "texture": "#0"}
			}
		}
	],
	"display": {
		"thirdperson_righthand": {
			"translation": [0, 2.75, 1.5]
		},
		"thirdperson_lefthand": {
			"translation": [0, 2.75, 1.25]
		},
		"firstperson_righthand": {
			"translation": [1.75, 2.25, 0]
		},
		"firstperson_lefthand": {
			"translation": [1.75, 2.25, 0]
		},
		"ground": {
			"translation": [0, 3.5, 0],
			"scale": [0.5, 0.5, 0.5]
		},
		"gui": {
			"rotation": [90, 45, -90],
			"translation": [-2.75, -2.75, 0],
			"scale": [0.55, 0.55, 0.55]
		},
		"fixed": {
			"rotation": [90, 45, -90],
			"translation": [-3.25, -3.5, 0],
			"scale": [0.65, 0.65, 0.65]
		},
		"on_shelf": {
			"rotation": [0, 90, 0],
			"scale": [0.7, 0.7, 0.7]
		}
	},
	"groups": [
		{
			"name": "Sword",
			"origin": [0, 0, 0],
			"color": 0,
			"children": [0, 1, 2, 3, 4, 5, 6]
		}
	]
}
