{
	"credit": "Made with Blockbench",
	"ambientocclusion": false,
	"texture_size": [
		128,
		128
	],
	"textures": {
		"0": "elitemobs:items/livingcrossbow",
		"particle": "elitemobs:items/livingcrossbow"
	},
	"elements": [
		{
			"from": [
				5.5,
				8,
				-4
			],
			"to": [
				10.5,
				11,
				13
			],
			"rotation": {
				"angle": 0,
				"axis": "y",
				"origin": [
					0,
					0,
					-1
				]
			},
			"faces": {
				"north": {
					"uv": [
						2.125,
						4.75,
						2.75,
						5.125
					],
					"texture": "#0"
				},
				"east": {
					"uv": [
						0,
						4.75,
						2.125,
						5.125
					],
					"texture": "#0"
				},
				"south": {
					"uv": [
						4.875,
						4.75,
						5.5,
						5.125
					],
					"texture": "#0"
				},
				"west": {
					"uv": [
						2.75,
						4.75,
						4.875,
						5.125
					],
					"texture": "#0"
				},
				"up": {
					"uv": [
						2.75,
						4.75,
						2.125,
						2.625
					],
					"texture": "#0"
				},
				"down": {
					"uv": [
						3.375,
						2.625,
						2.75,
						4.75
					],
					"texture": "#0"
				}
			}
		},
		{
			"from": [
				5.25,
				7.75,
				-4.25
			],
			"to": [
				10.75,
				11.25,
				13.25
			],
			"rotation": {
				"angle": 0,
				"axis": "y",
				"origin": [
					0,
					0,
					-1
				]
			},
			"faces": {
				"north": {
					"uv": [
						2.125,
						2.125,
						2.75,
						2.5
					],
					"texture": "#0"
				},
				"east": {
					"uv": [
						0,
						2.125,
						2.125,
						2.5
					],
					"texture": "#0"
				},
				"south": {
					"uv": [
						4.875,
						2.125,
						5.5,
						2.5
					],
					"texture": "#0"
				},
				"west": {
					"uv": [
						2.75,
						2.125,
						4.875,
						2.5
					],
					"texture": "#0"
				},
				"up": {
					"uv": [
						2.75,
						2.125,
						2.125,
						0
					],
					"texture": "#0"
				},
				"down": {
					"uv": [
						3.375,
						0,
						2.75,
						2.125
					],
					"texture": "#0"
				}
			}
		},
		{
			"from": [
				6,
				6.5,
				-3
			],
			"to": [
				10,
				9.5,
				12
			],
			"rotation": {
				"angle": 0,
				"axis": "y",
				"origin": [
					0,
					0,
					-3
				]
			},
			"faces": {
				"north": {
					"uv": [
						5.625,
						5.25,
						6.125,
						5.625
					],
					"texture": "#0"
				},
				"east": {
					"uv": [
						3.75,
						5.25,
						5.625,
						5.625
					],
					"texture": "#0"
				},
				"south": {
					"uv": [
						8,
						5.25,
						8.5,
						5.625
					],
					"texture": "#0"
				},
				"west": {
					"uv": [
						6.125,
						5.25,
						8,
						5.625
					],
					"texture": "#0"
				},
				"up": {
					"uv": [
						6.125,
						5.25,
						5.625,
						3.375
					],
					"texture": "#0"
				},
				"down": {
					"uv": [
						6.625,
						3.375,
						6.125,
						5.25
					],
					"texture": "#0"
				}
			}
		},
		{
			"from": [
				5.75,
				4.25,
				-3.25
			],
			"to": [
				10.25,
				9.75,
				12.25
			],
			"rotation": {
				"angle": 0,
				"axis": "y",
				"origin": [
					0,
					0,
					-3
				]
			},
			"faces": {
				"north": {
					"uv": [
						5.625,
						2.625,
						6.125,
						3.25
					],
					"texture": "#0"
				},
				"east": {
					"uv": [
						3.75,
						2.625,
						5.625,
						3.25
					],
					"texture": "#0"
				},
				"south": {
					"uv": [
						8,
						2.625,
						8.5,
						3.25
					],
					"texture": "#0"
				},
				"west": {
					"uv": [
						6.125,
						2.625,
						8,
						3.25
					],
					"texture": "#0"
				},
				"up": {
					"uv": [
						6.125,
						2.625,
						5.625,
						0.75
					],
					"texture": "#0"
				},
				"down": {
					"uv": [
						6.625,
						0.75,
						6.125,
						2.625
					],
					"texture": "#0"
				}
			}
		},
		{
			"from": [
				-1,
				8,
				-2
			],
			"to": [
				5,
				11,
				0
			],
			"rotation": {
				"angle": 22.5,
				"axis": "y",
				"origin": [
					4,
					9.5,
					-0.5
				]
			},
			"faces": {
				"north": {
					"uv": [
						3.75,
						3.625,
						4.5,
						4
					],
					"texture": "#0"
				},
				"east": {
					"uv": [
						3.5,
						3.625,
						3.75,
						4
					],
					"texture": "#0"
				},
				"south": {
					"uv": [
						4.75,
						3.625,
						5.5,
						4
					],
					"texture": "#0"
				},
				"west": {
					"uv": [
						4.5,
						3.625,
						4.75,
						4
					],
					"texture": "#0"
				},
				"up": {
					"uv": [
						4.5,
						3.625,
						3.75,
						3.375
					],
					"texture": "#0"
				},
				"down": {
					"uv": [
						5.25,
						3.375,
						4.5,
						3.625
					],
					"texture": "#0"
				}
			}
		},
		{
			"from": [
				-3,
				7.75,
				0
			],
			"to": [
				0,
				11.75,
				2
			],
			"rotation": {
				"angle": 0,
				"axis": "y",
				"origin": [
					4,
					9.5,
					-0.5
				]
			},
			"faces": {
				"north": {
					"uv": [
						7,
						0.25,
						7.375,
						0.75
					],
					"texture": "#0"
				},
				"east": {
					"uv": [
						6.75,
						0.25,
						7,
						0.75
					],
					"texture": "#0"
				},
				"south": {
					"uv": [
						7.625,
						0.25,
						8,
						0.75
					],
					"texture": "#0"
				},
				"west": {
					"uv": [
						7.375,
						0.25,
						7.625,
						0.75
					],
					"texture": "#0"
				},
				"up": {
					"uv": [
						7.375,
						0.25,
						7,
						0
					],
					"texture": "#0"
				},
				"down": {
					"uv": [
						7.75,
						0,
						7.375,
						0.25
					],
					"texture": "#0"
				}
			}
		},
		{
			"from": [
				-3.1,
				7.65,
				-0.1
			],
			"to": [
				0.1,
				12.85,
				2.1
			],
			"rotation": {
				"angle": 0,
				"axis": "y",
				"origin": [
					4,
					9.5,
					-0.5
				]
			},
			"faces": {
				"north": {
					"uv": [
						1.625,
						6.75,
						2,
						7.375
					],
					"texture": "#0"
				},
				"east": {
					"uv": [
						1.375,
						6.75,
						1.625,
						7.375
					],
					"texture": "#0"
				},
				"south": {
					"uv": [
						2.25,
						6.75,
						2.625,
						7.375
					],
					"texture": "#0"
				},
				"west": {
					"uv": [
						2,
						6.75,
						2.25,
						7.375
					],
					"texture": "#0"
				},
				"up": {
					"uv": [
						2,
						6.75,
						1.625,
						6.5
					],
					"texture": "#0"
				},
				"down": {
					"uv": [
						2.375,
						6.5,
						2,
						6.75
					],
					"texture": "#0"
				}
			}
		},
		{
			"from": [
				-2,
				10.75,
				2.15
			],
			"to": [
				10,
				11.75,
				2.15
			],
			"rotation": {
				"angle": 0,
				"axis": "y",
				"origin": [
					-2,
					11.25,
					2.15
				]
			},
			"faces": {
				"north": {
					"uv": [
						0.125,
						7.5,
						1.625,
						7.625
					],
					"texture": "#0"
				},
				"east": {
					"uv": [
						0.125,
						7.5,
						0.125,
						7.625
					],
					"texture": "#0"
				},
				"south": {
					"uv": [
						1.625,
						7.5,
						3.125,
						7.625
					],
					"texture": "#0"
				},
				"west": {
					"uv": [
						1.625,
						7.5,
						1.625,
						7.625
					],
					"texture": "#0"
				},
				"up": {
					"uv": [
						1.625,
						7.5,
						0.125,
						7.5
					],
					"texture": "#0"
				},
				"down": {
					"uv": [
						3.125,
						7.5,
						1.625,
						7.5
					],
					"texture": "#0"
				}
			}
		},
		{
			"from": [
				6,
				10.75,
				2.15
			],
			"to": [
				18,
				11.75,
				2.15
			],
			"rotation": {
				"angle": 0,
				"axis": "y",
				"origin": [
					18,
					11.25,
					2.15
				]
			},
			"faces": {
				"north": {
					"uv": [
						1.625,
						7.5,
						0.125,
						7.625
					],
					"texture": "#0"
				},
				"east": {
					"uv": [
						1.625,
						7.5,
						1.625,
						7.625
					],
					"texture": "#0"
				},
				"south": {
					"uv": [
						3.125,
						7.5,
						1.625,
						7.625
					],
					"texture": "#0"
				},
				"west": {
					"uv": [
						0.125,
						7.5,
						0.125,
						7.625
					],
					"texture": "#0"
				},
				"up": {
					"uv": [
						0.125,
						7.5,
						1.625,
						7.5
					],
					"texture": "#0"
				},
				"down": {
					"uv": [
						1.625,
						7.5,
						3.125,
						7.5
					],
					"texture": "#0"
				}
			}
		},
		{
			"from": [
				15.9,
				7.65,
				-0.1
			],
			"to": [
				19.1,
				12.85,
				2.1
			],
			"rotation": {
				"angle": 0,
				"axis": "y",
				"origin": [
					12,
					9.5,
					-0.5
				]
			},
			"faces": {
				"north": {
					"uv": [
						0.25,
						6.75,
						0.625,
						7.375
					],
					"texture": "#0"
				},
				"east": {
					"uv": [
						0,
						6.75,
						0.25,
						7.375
					],
					"texture": "#0"
				},
				"south": {
					"uv": [
						0.875,
						6.75,
						1.25,
						7.375
					],
					"texture": "#0"
				},
				"west": {
					"uv": [
						0.625,
						6.75,
						0.875,
						7.375
					],
					"texture": "#0"
				},
				"up": {
					"uv": [
						0.625,
						6.75,
						0.25,
						6.5
					],
					"texture": "#0"
				},
				"down": {
					"uv": [
						1,
						6.5,
						0.625,
						6.75
					],
					"texture": "#0"
				}
			}
		},
		{
			"from": [
				16,
				7.75,
				0
			],
			"to": [
				19,
				11.75,
				2
			],
			"rotation": {
				"angle": 0,
				"axis": "y",
				"origin": [
					12,
					9.5,
					-0.5
				]
			},
			"faces": {
				"north": {
					"uv": [
						3,
						6.75,
						3.375,
						7.25
					],
					"texture": "#0"
				},
				"east": {
					"uv": [
						2.75,
						6.75,
						3,
						7.25
					],
					"texture": "#0"
				},
				"south": {
					"uv": [
						3.625,
						6.75,
						4,
						7.25
					],
					"texture": "#0"
				},
				"west": {
					"uv": [
						3.375,
						6.75,
						3.625,
						7.25
					],
					"texture": "#0"
				},
				"up": {
					"uv": [
						3.375,
						6.75,
						3,
						6.5
					],
					"texture": "#0"
				},
				"down": {
					"uv": [
						3.75,
						6.5,
						3.375,
						6.75
					],
					"texture": "#0"
				}
			}
		},
		{
			"from": [
				11,
				8,
				-2
			],
			"to": [
				17,
				11,
				0
			],
			"rotation": {
				"angle": -22.5,
				"axis": "y",
				"origin": [
					12,
					9.5,
					-0.5
				]
			},
			"faces": {
				"north": {
					"uv": [
						3.75,
						1,
						4.5,
						1.375
					],
					"texture": "#0"
				},
				"east": {
					"uv": [
						3.5,
						1,
						3.75,
						1.375
					],
					"texture": "#0"
				},
				"south": {
					"uv": [
						4.75,
						1,
						5.5,
						1.375
					],
					"texture": "#0"
				},
				"west": {
					"uv": [
						4.5,
						1,
						4.75,
						1.375
					],
					"texture": "#0"
				},
				"up": {
					"uv": [
						4.5,
						1,
						3.75,
						0.75
					],
					"texture": "#0"
				},
				"down": {
					"uv": [
						5.25,
						0.75,
						4.5,
						1
					],
					"texture": "#0"
				}
			}
		},
		{
			"from": [
				-1.25,
				7.75,
				-2.25
			],
			"to": [
				5.25,
				11.25,
				0.25
			],
			"rotation": {
				"angle": 22.5,
				"axis": "y",
				"origin": [
					4,
					9.5,
					-0.5
				]
			},
			"faces": {
				"north": {
					"uv": [
						3.75,
						0.25,
						4.5,
						0.625
					],
					"texture": "#0"
				},
				"east": {
					"uv": [
						3.5,
						0.25,
						3.75,
						0.625
					],
					"texture": "#0"
				},
				"south": {
					"uv": [
						4.75,
						0.25,
						5.5,
						0.625
					],
					"texture": "#0"
				},
				"west": {
					"uv": [
						4.5,
						0.25,
						4.75,
						0.625
					],
					"texture": "#0"
				},
				"up": {
					"uv": [
						4.5,
						0.25,
						3.75,
						0
					],
					"texture": "#0"
				},
				"down": {
					"uv": [
						5.25,
						0,
						4.5,
						0.25
					],
					"texture": "#0"
				}
			}
		},
		{
			"from": [
				10.75,
				7.75,
				-2.25
			],
			"to": [
				17.25,
				11.25,
				0.25
			],
			"rotation": {
				"angle": -22.5,
				"axis": "y",
				"origin": [
					12,
					9.5,
					-0.5
				]
			},
			"faces": {
				"north": {
					"uv": [
						0.25,
						1.5,
						1,
						1.875
					],
					"texture": "#0"
				},
				"east": {
					"uv": [
						0,
						1.5,
						0.25,
						1.875
					],
					"texture": "#0"
				},
				"south": {
					"uv": [
						1.25,
						1.5,
						2,
						1.875
					],
					"texture": "#0"
				},
				"west": {
					"uv": [
						1,
						1.5,
						1.25,
						1.875
					],
					"texture": "#0"
				},
				"up": {
					"uv": [
						1,
						1.5,
						0.25,
						1.25
					],
					"texture": "#0"
				},
				"down": {
					"uv": [
						1.75,
						1.25,
						1,
						1.5
					],
					"texture": "#0"
				}
			}
		},
		{
			"from": [
				4,
				7.5,
				-3.5
			],
			"to": [
				7,
				11.5,
				-0.5
			],
			"rotation": {
				"angle": 0,
				"axis": "y",
				"origin": [
					0,
					0,
					-3
				]
			},
			"faces": {
				"north": {
					"uv": [
						6,
						6.125,
						6.375,
						6.625
					],
					"texture": "#0"
				},
				"east": {
					"uv": [
						5.625,
						6.125,
						6,
						6.625
					],
					"texture": "#0"
				},
				"south": {
					"uv": [
						6.75,
						6.125,
						7.125,
						6.625
					],
					"texture": "#0"
				},
				"west": {
					"uv": [
						6.375,
						6.125,
						6.75,
						6.625
					],
					"texture": "#0"
				},
				"up": {
					"uv": [
						6.375,
						6.125,
						6,
						5.75
					],
					"texture": "#0"
				},
				"down": {
					"uv": [
						6.75,
						5.75,
						6.375,
						6.125
					],
					"texture": "#0"
				}
			}
		},
		{
			"from": [
				9,
				7.5,
				-3.5
			],
			"to": [
				12,
				11.5,
				-0.5
			],
			"rotation": {
				"angle": 0,
				"axis": "y",
				"origin": [
					16,
					0,
					-3
				]
			},
			"faces": {
				"north": {
					"uv": [
						4.375,
						6.125,
						4.75,
						6.625
					],
					"texture": "#0"
				},
				"east": {
					"uv": [
						4,
						6.125,
						4.375,
						6.625
					],
					"texture": "#0"
				},
				"south": {
					"uv": [
						5.125,
						6.125,
						5.5,
						6.625
					],
					"texture": "#0"
				},
				"west": {
					"uv": [
						4.75,
						6.125,
						5.125,
						6.625
					],
					"texture": "#0"
				},
				"up": {
					"uv": [
						4.75,
						6.125,
						4.375,
						5.75
					],
					"texture": "#0"
				},
				"down": {
					"uv": [
						5.125,
						5.75,
						4.75,
						6.125
					],
					"texture": "#0"
				}
			}
		},
		{
			"from": [
				8.8,
				6.8,
				-3.7
			],
			"to": [
				12.2,
				12.2,
				-0.3
			],
			"rotation": {
				"angle": 0,
				"axis": "y",
				"origin": [
					16,
					0,
					-3
				]
			},
			"faces": {
				"north": {
					"uv": [
						2.75,
						5.75,
						3.125,
						6.375
					],
					"texture": "#0"
				},
				"east": {
					"uv": [
						2.375,
						5.75,
						2.75,
						6.375
					],
					"texture": "#0"
				},
				"south": {
					"uv": [
						3.5,
						5.75,
						3.875,
						6.375
					],
					"texture": "#0"
				},
				"west": {
					"uv": [
						3.125,
						5.75,
						3.5,
						6.375
					],
					"texture": "#0"
				},
				"up": {
					"uv": [
						3.125,
						5.75,
						2.75,
						5.375
					],
					"texture": "#0"
				},
				"down": {
					"uv": [
						3.5,
						5.375,
						3.125,
						5.75
					],
					"texture": "#0"
				}
			}
		},
		{
			"from": [
				3.8,
				6.8,
				-3.7
			],
			"to": [
				7.2,
				12.2,
				-0.3
			],
			"rotation": {
				"angle": 0,
				"axis": "y",
				"origin": [
					0,
					0,
					-3
				]
			},
			"faces": {
				"north": {
					"uv": [
						0.375,
						4,
						0.75,
						4.625
					],
					"texture": "#0"
				},
				"east": {
					"uv": [
						0,
						4,
						0.375,
						4.625
					],
					"texture": "#0"
				},
				"south": {
					"uv": [
						1.125,
						4,
						1.5,
						4.625
					],
					"texture": "#0"
				},
				"west": {
					"uv": [
						0.75,
						4,
						1.125,
						4.625
					],
					"texture": "#0"
				},
				"up": {
					"uv": [
						0.75,
						4,
						0.375,
						3.625
					],
					"texture": "#0"
				},
				"down": {
					"uv": [
						1.125,
						3.625,
						0.75,
						4
					],
					"texture": "#0"
				}
			}
		},
		{
			"from": [
				6.5,
				7.5,
				9
			],
			"to": [
				9.5,
				10.5,
				15
			],
			"rotation": {
				"angle": 45,
				"axis": "x",
				"origin": [
					8,
					8,
					8.5
				]
			},
			"faces": {
				"north": {
					"uv": [
						0.75,
						6,
						1.125,
						6.375
					],
					"texture": "#0"
				},
				"east": {
					"uv": [
						0,
						6,
						0.75,
						6.375
					],
					"texture": "#0"
				},
				"south": {
					"uv": [
						1.875,
						6,
						2.25,
						6.375
					],
					"texture": "#0"
				},
				"west": {
					"uv": [
						1.125,
						6,
						1.875,
						6.375
					],
					"texture": "#0"
				},
				"up": {
					"uv": [
						1.125,
						6,
						0.75,
						5.25
					],
					"texture": "#0"
				},
				"down": {
					"uv": [
						1.5,
						5.25,
						1.125,
						6
					],
					"texture": "#0"
				}
			}
		},
		{
			"from": [
				7,
				4,
				6
			],
			"to": [
				9,
				7,
				12
			],
			"rotation": {
				"angle": 0,
				"axis": "y",
				"origin": [
					8,
					8,
					8.5
				]
			},
			"faces": {
				"north": {
					"uv": [
						0.75,
						0.75,
						1,
						1.125
					],
					"texture": "#0"
				},
				"east": {
					"uv": [
						0,
						0.75,
						0.75,
						1.125
					],
					"texture": "#0"
				},
				"south": {
					"uv": [
						1.75,
						0.75,
						2,
						1.125
					],
					"texture": "#0"
				},
				"west": {
					"uv": [
						1,
						0.75,
						1.75,
						1.125
					],
					"texture": "#0"
				},
				"up": {
					"uv": [
						1,
						0.75,
						0.75,
						0
					],
					"texture": "#0"
				},
				"down": {
					"uv": [
						1.25,
						0,
						1,
						0.75
					],
					"texture": "#0"
				}
			}
		},
		{
			"from": [
				6.1,
				7.1,
				14.1
			],
			"to": [
				9.9,
				10.9,
				16.9
			],
			"rotation": {
				"angle": 45,
				"axis": "x",
				"origin": [
					8,
					8,
					8.5
				]
			},
			"faces": {
				"north": {
					"uv": [
						0.375,
						3,
						0.875,
						3.5
					],
					"texture": "#0"
				},
				"east": {
					"uv": [
						0,
						3,
						0.375,
						3.5
					],
					"texture": "#0"
				},
				"south": {
					"uv": [
						1.25,
						3,
						1.75,
						3.5
					],
					"texture": "#0"
				},
				"west": {
					"uv": [
						0.875,
						3,
						1.25,
						3.5
					],
					"texture": "#0"
				},
				"up": {
					"uv": [
						0.875,
						3,
						0.375,
						2.625
					],
					"texture": "#0"
				},
				"down": {
					"uv": [
						1.375,
						2.625,
						0.875,
						3
					],
					"texture": "#0"
				}
			}
		}
	],
	"display": {
		"thirdperson_righthand": {
			"translation": [
				0,
				1.25,
				-1
			],
			"scale": [
				0.8,
				0.8,
				0.8
			]
		},
		"thirdperson_lefthand": {
			"translation": [
				0,
				1.25,
				-1
			],
			"scale": [
				0.8,
				0.8,
				0.8
			]
		},
		"firstperson_righthand": {
			"rotation": [
				0,
				-9,
				0
			],
			"translation": [
				0.75,
				1.25,
				3.25
			]
		},
		"firstperson_lefthand": {
			"rotation": [
				0,
				-9,
				0
			],
			"translation": [
				0.75,
				1.75,
				2.75
			]
		},
		"ground": {
			"translation": [
				0,
				1.75,
				0
			],
			"scale": [
				0.65,
				0.65,
				0.65
			]
		},
		"gui": {
			"rotation": [
				90,
				45,
				0
			],
			"translation": [
				2.25,
				-2.25,
				0
			],
			"scale": [
				0.76,
				0.76,
				0.76
			]
		},
		"fixed": {
			"rotation": [
				90,
				-45,
				-180
			],
			"translation": [
				-3.25,
				-3.25,
				-0.5
			],
			"scale": [
				0.92,
				0.92,
				0.92
			]
		},
		"on_shelf": {
			"rotation": [
				90,
				0,
				0
			],
			"translation": [
				0,
				0,
				0.75
			],
			"scale": [
				0.85,
				0.85,
				0.85
			]
		}
	},
	"groups": [
		{
			"name": "Crossbow",
			"origin": [
				8,
				8,
				8.5
			],
			"color": 0,
			"children": [
				0,
				1,
				2,
				3,
				4,
				5,
				6,
				{
					"name": "Right",
					"origin": [
						-2,
						11.25,
						2.15
					],
					"color": 0,
					"children": [
						7
					]
				},
				{
					"name": "Left",
					"origin": [
						18,
						11.25,
						2.15
					],
					"color": 0,
					"children": [
						8
					]
				},
				9,
				10,
				11,
				12,
				13,
				14,
				15,
				16,
				17,
				18,
				19,
				20
			]
		}
	]
}