{
	"credit": "Made with Blockbench",
	"ambientocclusion": false,
	"texture_size": [64, 64],
	"textures": {
		"0": "elitemobs:items/livingscythe",
		"particle": "elitemobs:items/livingscythe"
	},
	"elements": [
		{
			"from": [7, -6, 6],
			"to": [9, 13, 8],
			"faces": {
				"north": {"uv": [2.75, 10.5, 3.25, 15.25], "texture": "#0"},
				"east": {"uv": [2.25, 10.5, 2.75, 15.25], "texture": "#0"},
				"south": {"uv": [3.75, 10.5, 4.25, 15.25], "texture": "#0"},
				"west": {"uv": [3.25, 10.5, 3.75, 15.25], "texture": "#0"},
				"up": {"uv": [3.25, 10.5, 2.75, 10], "texture": "#0"},
				"down": {"uv": [3.75, 10, 3.25, 10.5], "texture": "#0"}
			}
		},
		{
			"from": [6.5, -9, 5.5],
			"to": [9.5, -2, 8.5],
			"faces": {
				"north": {"uv": [8.5, 10.75, 9.25, 12.5], "texture": "#0"},
				"east": {"uv": [7.75, 10.75, 8.5, 12.5], "texture": "#0"},
				"south": {"uv": [10, 10.75, 10.75, 12.5], "texture": "#0"},
				"west": {"uv": [9.25, 10.75, 10, 12.5], "texture": "#0"},
				"up": {"uv": [9.25, 10.75, 8.5, 10], "texture": "#0"},
				"down": {"uv": [10, 10, 9.25, 10.75], "texture": "#0"}
			}
		},
		{
			"from": [6.75, -6.25, 5.75],
			"to": [9.25, 13.25, 8.25],
			"faces": {
				"north": {"uv": [0.5, 10.5, 1, 15.25], "texture": "#0"},
				"east": {"uv": [0, 10.5, 0.5, 15.25], "texture": "#0"},
				"south": {"uv": [1.5, 10.5, 2, 15.25], "texture": "#0"},
				"west": {"uv": [1, 10.5, 1.5, 15.25], "texture": "#0"},
				"up": {"uv": [1, 10.5, 0.5, 10], "texture": "#0"},
				"down": {"uv": [1.5, 10, 1, 10.5], "texture": "#0"}
			}
		},
		{
			"from": [7.25, 13.75, -3.25],
			"to": [8.75, 18.25, 6.25],
			"faces": {
				"north": {"uv": [10.25, 2.25, 10.5, 3.25], "texture": "#0"},
				"east": {"uv": [8, 2.25, 10.25, 3.25], "texture": "#0"},
				"south": {"uv": [12.75, 2.25, 13, 3.25], "texture": "#0"},
				"west": {"uv": [10.5, 2.25, 12.75, 3.25], "texture": "#0"},
				"up": {"uv": [10.5, 2.25, 10.25, 0], "texture": "#0"},
				"down": {"uv": [10.75, 0, 10.5, 2.25], "texture": "#0"}
			}
		},
		{
			"from": [7.15, 13.65, -3.35],
			"to": [8.85, 18.35, 6.35],
			"faces": {
				"north": {"uv": [2.25, 5.75, 2.5, 6.75], "texture": "#0"},
				"east": {"uv": [0, 5.75, 2.25, 6.75], "texture": "#0"},
				"south": {"uv": [4.75, 5.75, 5, 6.75], "texture": "#0"},
				"west": {"uv": [2.5, 5.75, 4.75, 6.75], "texture": "#0"},
				"up": {"uv": [2.5, 5.75, 2.25, 3.5], "texture": "#0"},
				"down": {"uv": [2.75, 3.5, 2.5, 5.75], "texture": "#0"}
			}
		},
		{
			"from": [4.9, 16.15, 5.65],
			"to": [7.1, 18.35, 7.85],
			"faces": {
				"north": {"uv": [13.75, 13.25, 14.25, 13.75], "texture": "#0"},
				"east": {"uv": [13.25, 13.25, 13.75, 13.75], "texture": "#0"},
				"south": {"uv": [14.75, 13.25, 15.25, 13.75], "texture": "#0"},
				"west": {"uv": [14.25, 13.25, 14.75, 13.75], "texture": "#0"},
				"up": {"uv": [14.25, 13.25, 13.75, 12.75], "texture": "#0"},
				"down": {"uv": [14.75, 12.75, 14.25, 13.25], "texture": "#0"}
			}
		},
		{
			"from": [5, 16.25, 5.75],
			"to": [7, 18.25, 7.75],
			"faces": {
				"north": {"uv": [11.5, 14.75, 12, 15.25], "texture": "#0"},
				"east": {"uv": [11, 14.75, 11.5, 15.25], "texture": "#0"},
				"south": {"uv": [12.5, 14.75, 13, 15.25], "texture": "#0"},
				"west": {"uv": [12, 14.75, 12.5, 15.25], "texture": "#0"},
				"up": {"uv": [12, 14.75, 11.5, 14.25], "texture": "#0"},
				"down": {"uv": [12.5, 14.25, 12, 14.75], "texture": "#0"}
			}
		},
		{
			"from": [8.15, 16.65, 8.65],
			"to": [10.35, 18.85, 10.85],
			"rotation": {"angle": 0, "axis": "y", "origin": [16, 0, 0]},
			"faces": {
				"north": {"uv": [14.25, 13.25, 13.75, 13.75], "texture": "#0"},
				"east": {"uv": [14.75, 13.25, 14.25, 13.75], "texture": "#0"},
				"south": {"uv": [15.25, 13.25, 14.75, 13.75], "texture": "#0"},
				"west": {"uv": [13.75, 13.25, 13.25, 13.75], "texture": "#0"},
				"up": {"uv": [13.75, 13.25, 14.25, 12.75], "texture": "#0"},
				"down": {"uv": [14.25, 12.75, 14.75, 13.25], "texture": "#0"}
			}
		},
		{
			"from": [8.25, 16.75, 8.75],
			"to": [10.25, 18.75, 10.75],
			"rotation": {"angle": 0, "axis": "y", "origin": [16, 0, 0]},
			"faces": {
				"north": {"uv": [12, 14.75, 11.5, 15.25], "texture": "#0"},
				"east": {"uv": [12.5, 14.75, 12, 15.25], "texture": "#0"},
				"south": {"uv": [13, 14.75, 12.5, 15.25], "texture": "#0"},
				"west": {"uv": [11.5, 14.75, 11, 15.25], "texture": "#0"},
				"up": {"uv": [11.5, 14.75, 12, 14.25], "texture": "#0"},
				"down": {"uv": [12, 14.25, 12.5, 14.75], "texture": "#0"}
			}
		},
		{
			"from": [5.4, 17.9, 2.65],
			"to": [7.6, 20.1, 4.85],
			"faces": {
				"north": {"uv": [13.75, 14.75, 14.25, 15.25], "texture": "#0"},
				"east": {"uv": [13.25, 14.75, 13.75, 15.25], "texture": "#0"},
				"south": {"uv": [14.75, 14.75, 15.25, 15.25], "texture": "#0"},
				"west": {"uv": [14.25, 14.75, 14.75, 15.25], "texture": "#0"},
				"up": {"uv": [14.25, 14.75, 13.75, 14.25], "texture": "#0"},
				"down": {"uv": [14.75, 14.25, 14.25, 14.75], "texture": "#0"}
			}
		},
		{
			"from": [5.5, 18, 2.75],
			"to": [7.5, 20, 4.75],
			"faces": {
				"north": {"uv": [11.5, 14.75, 12, 15.25], "texture": "#0"},
				"east": {"uv": [11, 14.75, 11.5, 15.25], "texture": "#0"},
				"south": {"uv": [12.5, 14.75, 13, 15.25], "texture": "#0"},
				"west": {"uv": [12, 14.75, 12.5, 15.25], "texture": "#0"},
				"up": {"uv": [12, 14.75, 11.5, 14.25], "texture": "#0"},
				"down": {"uv": [12.5, 14.25, 12, 14.75], "texture": "#0"}
			}
		},
		{
			"from": [8.9, 15.9, 5.9],
			"to": [11.1, 18.1, 8.1],
			"rotation": {"angle": 0, "axis": "y", "origin": [16, 0, 0]},
			"faces": {
				"north": {"uv": [14.25, 14.75, 13.75, 15.25], "texture": "#0"},
				"east": {"uv": [14.75, 14.75, 14.25, 15.25], "texture": "#0"},
				"south": {"uv": [15.25, 14.75, 14.75, 15.25], "texture": "#0"},
				"west": {"uv": [13.75, 14.75, 13.25, 15.25], "texture": "#0"},
				"up": {"uv": [13.75, 14.75, 14.25, 14.25], "texture": "#0"},
				"down": {"uv": [14.25, 14.25, 14.75, 14.75], "texture": "#0"}
			}
		},
		{
			"from": [9, 16, 6],
			"to": [11, 18, 8],
			"rotation": {"angle": 0, "axis": "y", "origin": [16, 0, 0]},
			"faces": {
				"north": {"uv": [12, 14.75, 11.5, 15.25], "texture": "#0"},
				"east": {"uv": [12.5, 14.75, 12, 15.25], "texture": "#0"},
				"south": {"uv": [13, 14.75, 12.5, 15.25], "texture": "#0"},
				"west": {"uv": [11.5, 14.75, 11, 15.25], "texture": "#0"},
				"up": {"uv": [11.5, 14.75, 12, 14.25], "texture": "#0"},
				"down": {"uv": [12, 14.25, 12.5, 14.75], "texture": "#0"}
			}
		},
		{
			"from": [6.4, 15.9, 1.9],
			"to": [9.6, 19.1, 9.1],
			"faces": {
				"north": {"uv": [9.75, 5.25, 10.5, 6], "texture": "#0"},
				"east": {"uv": [8, 5.25, 9.75, 6], "texture": "#0"},
				"south": {"uv": [12.25, 5.25, 13, 6], "texture": "#0"},
				"west": {"uv": [10.5, 5.25, 12.25, 6], "texture": "#0"},
				"up": {"uv": [10.5, 5.25, 9.75, 3.5], "texture": "#0"},
				"down": {"uv": [11.25, 3.5, 10.5, 5.25], "texture": "#0"}
			}
		},
		{
			"from": [6.25, 14.75, -0.25],
			"to": [9.75, 19.25, 9.25],
			"faces": {
				"north": {"uv": [2.25, 2.25, 3, 3.25], "texture": "#0"},
				"east": {"uv": [0, 2.25, 2.25, 3.25], "texture": "#0"},
				"south": {"uv": [5.25, 2.25, 6, 3.25], "texture": "#0"},
				"west": {"uv": [3, 2.25, 5.25, 3.25], "texture": "#0"},
				"up": {"uv": [3, 2.25, 2.25, 0], "texture": "#0"},
				"down": {"uv": [3.75, 0, 3, 2.25], "texture": "#0"}
			}
		},
		{
			"from": [5.5, 16.75, 7],
			"to": [8.5, 19.75, 10],
			"faces": {
				"north": {"uv": [5.25, 14.5, 6, 15.25], "texture": "#0"},
				"east": {"uv": [4.5, 14.5, 5.25, 15.25], "texture": "#0"},
				"south": {"uv": [6.75, 14.5, 7.5, 15.25], "texture": "#0"},
				"west": {"uv": [6, 14.5, 6.75, 15.25], "texture": "#0"},
				"up": {"uv": [6, 14.5, 5.25, 13.75], "texture": "#0"},
				"down": {"uv": [6.75, 13.75, 6, 14.5], "texture": "#0"}
			}
		},
		{
			"from": [5.4, 16.65, 6.9],
			"to": [8.6, 19.85, 10.1],
			"faces": {
				"north": {"uv": [8.5, 14.5, 9.25, 15.25], "texture": "#0"},
				"east": {"uv": [7.75, 14.5, 8.5, 15.25], "texture": "#0"},
				"south": {"uv": [10, 14.5, 10.75, 15.25], "texture": "#0"},
				"west": {"uv": [9.25, 14.5, 10, 15.25], "texture": "#0"},
				"up": {"uv": [9.25, 14.5, 8.5, 13.75], "texture": "#0"},
				"down": {"uv": [10, 13.75, 9.25, 14.5], "texture": "#0"}
			}
		},
		{
			"from": [7.4, 16.4, 2.4],
			"to": [10.6, 19.6, 5.6],
			"rotation": {"angle": 0, "axis": "y", "origin": [16, 0, 0]},
			"faces": {
				"north": {"uv": [9.25, 14.5, 8.5, 15.25], "texture": "#0"},
				"east": {"uv": [10, 14.5, 9.25, 15.25], "texture": "#0"},
				"south": {"uv": [10.75, 14.5, 10, 15.25], "texture": "#0"},
				"west": {"uv": [8.5, 14.5, 7.75, 15.25], "texture": "#0"},
				"up": {"uv": [8.5, 14.5, 9.25, 13.75], "texture": "#0"},
				"down": {"uv": [9.25, 13.75, 10, 14.5], "texture": "#0"}
			}
		},
		{
			"from": [7.5, 16.5, 2.5],
			"to": [10.5, 19.5, 5.5],
			"rotation": {"angle": 0, "axis": "y", "origin": [16, 0, 0]},
			"faces": {
				"north": {"uv": [6, 14.5, 5.25, 15.25], "texture": "#0"},
				"east": {"uv": [6.75, 14.5, 6, 15.25], "texture": "#0"},
				"south": {"uv": [7.5, 14.5, 6.75, 15.25], "texture": "#0"},
				"west": {"uv": [5.25, 14.5, 4.5, 15.25], "texture": "#0"},
				"up": {"uv": [5.25, 14.5, 6, 13.75], "texture": "#0"},
				"down": {"uv": [6, 13.75, 6.75, 14.5], "texture": "#0"}
			}
		},
		{
			"from": [8, 12, -15],
			"to": [8, 20, 16],
			"faces": {
				"north": {"uv": [7.75, 7.75, 7.75, 9.75], "texture": "#0"},
				"east": {"uv": [0, 7.75, 7.75, 9.75], "texture": "#0"},
				"south": {"uv": [15.5, 7.75, 15.5, 9.75], "texture": "#0"},
				"west": {"uv": [7.75, 7.75, 15.5, 9.75], "texture": "#0"},
				"up": {"uv": [7.75, 7.75, 7.75, 0], "texture": "#0"},
				"down": {"uv": [7.75, 0, 7.75, 7.75], "texture": "#0"}
			}
		},
		{
			"from": [7.25, 14.25, 7.75],
			"to": [8.75, 17.75, 12.25],
			"faces": {
				"north": {"uv": [5, 1, 5.25, 1.75], "texture": "#0"},
				"east": {"uv": [4, 1, 5, 1.75], "texture": "#0"},
				"south": {"uv": [6.25, 1, 6.5, 1.75], "texture": "#0"},
				"west": {"uv": [5.25, 1, 6.25, 1.75], "texture": "#0"},
				"up": {"uv": [5.25, 1, 5, 0], "texture": "#0"},
				"down": {"uv": [5.5, 0, 5.25, 1], "texture": "#0"}
			}
		},
		{
			"from": [7.15, 14.15, 7.65],
			"to": [8.85, 17.85, 12.35],
			"faces": {
				"north": {"uv": [4, 4.5, 4.25, 5.25], "texture": "#0"},
				"east": {"uv": [3, 4.5, 4, 5.25], "texture": "#0"},
				"south": {"uv": [5.25, 4.5, 5.5, 5.25], "texture": "#0"},
				"west": {"uv": [4.25, 4.5, 5.25, 5.25], "texture": "#0"},
				"up": {"uv": [4.25, 4.5, 4, 3.5], "texture": "#0"},
				"down": {"uv": [4.5, 3.5, 4.25, 4.5], "texture": "#0"}
			}
		},
		{
			"from": [6.5, 10, 5.5],
			"to": [9.5, 18, 8.5],
			"faces": {
				"north": {"uv": [5.25, 10.75, 6, 12.75], "texture": "#0"},
				"east": {"uv": [4.5, 10.75, 5.25, 12.75], "texture": "#0"},
				"south": {"uv": [6.75, 10.75, 7.5, 12.75], "texture": "#0"},
				"west": {"uv": [6, 10.75, 6.75, 12.75], "texture": "#0"},
				"up": {"uv": [6, 10.75, 5.25, 10], "texture": "#0"},
				"down": {"uv": [6.75, 10, 6, 10.75], "texture": "#0"}
			}
		},
		{
			"from": [6.35, 8.85, 5.35],
			"to": [9.65, 16.15, 8.65],
			"faces": {
				"north": {"uv": [11.75, 10.75, 12.5, 12.5], "texture": "#0"},
				"east": {"uv": [11, 10.75, 11.75, 12.5], "texture": "#0"},
				"south": {"uv": [13.25, 10.75, 14, 12.5], "texture": "#0"},
				"west": {"uv": [12.5, 10.75, 13.25, 12.5], "texture": "#0"},
				"up": {"uv": [12.5, 10.75, 11.75, 10], "texture": "#0"},
				"down": {"uv": [13.25, 10, 12.5, 10.75], "texture": "#0"}
			}
		}
	],
	"display": {
		"thirdperson_righthand": {
			"translation": [0, 2, 1.5],
			"scale": [0.85, 0.85, 0.85]
		},
		"thirdperson_lefthand": {
			"translation": [0, 2, 1.5],
			"scale": [0.85, 0.85, 0.85]
		},
		"firstperson_righthand": {
			"translation": [3, 4.75, 0.75]
		},
		"firstperson_lefthand": {
			"translation": [3, 4.75, 0.75]
		},
		"ground": {
			"translation": [0, 7.5, 0],
			"scale": [0.55, 0.55, 0.55]
		},
		"gui": {
			"rotation": [-90, -60, -90],
			"translation": [-3.5, 0.75, 0],
			"scale": [0.46, 0.46, 0.46]
		},
		"fixed": {
			"rotation": [-90, -60, -90],
			"translation": [-4.25, 0.75, 0],
			"scale": [0.56, 0.56, 0.56]
		},
		"on_shelf": {
			"rotation": [0, 90, 0],
			"translation": [4.75, 0, 0],
			"scale": [0.6, 0.6, 0.6]
		}
	},
	"groups": [
		{
			"name": "Scythe",
			"origin": [0, 0, 0],
			"color": 0,
			"children": [0, 1, 2, 3, 4, 5, 6, 7, 8, 9, 10, 11, 12, 13, 14, 15, 16, 17, 18, 19, 20, 21, 22, 23]
		}
	]
}
