{
	"credit": "Made with Blockbench",
	"ambientocclusion": false,
	"texture_size": [128, 128],
	"textures": {
		"0": "elitemobs:items/livingbow",
		"particle": "elitemobs:items/livingbow"
	},
	"elements": [
		{
			"from": [7.25, 6.25, -3.25],
			"to": [8.75, 7.75, 12.25],
			"rotation": {"angle": 0, "axis": "y", "origin": [8, 5, 1.25]},
			"faces": {
				"north": {"uv": [8.625, 8.375, 8.75, 8.5], "texture": "#0"},
				"east": {"uv": [6.75, 8.375, 8.625, 8.5], "texture": "#0"},
				"south": {"uv": [10.625, 8.375, 10.75, 8.5], "texture": "#0"},
				"west": {"uv": [8.75, 8.375, 10.625, 8.5], "texture": "#0"},
				"up": {"uv": [8.75, 8.375, 8.625, 6.5], "texture": "#0"},
				"down": {"uv": [8.875, 6.5, 8.75, 8.375], "texture": "#0"}
			}
		},
		{
			"from": [8, 4.5, -6],
			"to": [8, 9.5, 14],
			"rotation": {"angle": 0, "axis": "y", "origin": [8, 5, 1.25]},
			"faces": {
				"north": {"uv": [4.125, 9.375, 4.125, 10], "texture": "#0"},
				"east": {"uv": [1.625, 9.375, 4.125, 10], "texture": "#0"},
				"south": {"uv": [6.625, 9.375, 6.625, 10], "texture": "#0"},
				"west": {"uv": [4.125, 9.375, 6.625, 10], "texture": "#0"},
				"up": {"uv": [4.125, 9.375, 4.125, 6.875], "texture": "#0"},
				"down": {"uv": [4.125, 6.875, 4.125, 9.375], "texture": "#0"}
			}
		},
		{
			"from": [7, 2.5, 6],
			"to": [9, 11.5, 8],
			"rotation": {"angle": 0, "axis": "y", "origin": [0, 0.5, 0]},
			"faces": {
				"north": {"uv": [3.5, 7.375, 3.75, 8.5], "texture": "#0"},
				"east": {"uv": [3.25, 7.375, 3.5, 8.5], "texture": "#0"},
				"south": {"uv": [4, 7.375, 4.25, 8.5], "texture": "#0"},
				"west": {"uv": [3.75, 7.375, 4, 8.5], "texture": "#0"},
				"up": {"uv": [3.75, 7.375, 3.5, 7.125], "texture": "#0"},
				"down": {"uv": [4, 7.125, 3.75, 7.375], "texture": "#0"}
			}
		},
		{
			"from": [6.5, 10.5, 3.5],
			"to": [9.5, 13.5, 9.5],
			"rotation": {"angle": 22.5, "axis": "x", "origin": [8, 12, 6]},
			"faces": {
				"north": {"uv": [0.75, 5.5, 1.125, 5.875], "texture": "#0"},
				"east": {"uv": [0, 5.5, 0.75, 5.875], "texture": "#0"},
				"south": {"uv": [1.875, 5.5, 2.25, 5.875], "texture": "#0"},
				"west": {"uv": [1.125, 5.5, 1.875, 5.875], "texture": "#0"},
				"up": {"uv": [1.125, 5.5, 0.75, 4.75], "texture": "#0"},
				"down": {"uv": [1.5, 4.75, 1.125, 5.5], "texture": "#0"}
			}
		},
		{
			"from": [5, 16.75, 4.75],
			"to": [7.5, 19.25, 7.25],
			"rotation": {"angle": 0, "axis": "y", "origin": [8, 12, 6]},
			"faces": {
				"north": {"uv": [0.375, 8.75, 0.75, 9.125], "texture": "#0"},
				"east": {"uv": [0, 8.75, 0.375, 9.125], "texture": "#0"},
				"south": {"uv": [1.125, 8.75, 1.5, 9.125], "texture": "#0"},
				"west": {"uv": [0.75, 8.75, 1.125, 9.125], "texture": "#0"},
				"up": {"uv": [0.75, 8.75, 0.375, 8.375], "texture": "#0"},
				"down": {"uv": [1.125, 8.375, 0.75, 8.75], "texture": "#0"}
			}
		},
		{
			"from": [4.85, 16.6, 4.6],
			"to": [7.65, 19.4, 7.4],
			"rotation": {"angle": 0, "axis": "y", "origin": [8, 12, 6]},
			"faces": {
				"north": {"uv": [0.375, 9.625, 0.75, 10], "texture": "#0"},
				"east": {"uv": [0, 9.625, 0.375, 10], "texture": "#0"},
				"south": {"uv": [1.125, 9.625, 1.5, 10], "texture": "#0"},
				"west": {"uv": [0.75, 9.625, 1.125, 10], "texture": "#0"},
				"up": {"uv": [0.75, 9.625, 0.375, 9.25], "texture": "#0"},
				"down": {"uv": [1.125, 9.25, 0.75, 9.625], "texture": "#0"}
			}
		},
		{
			"from": [5.5, 15.25, 3.5],
			"to": [7.5, 17.25, 5.5],
			"rotation": {"angle": 0, "axis": "y", "origin": [8, 12, 6]},
			"faces": {
				"north": {"uv": [1.875, 8.875, 2.125, 9.125], "texture": "#0"},
				"east": {"uv": [1.625, 8.875, 1.875, 9.125], "texture": "#0"},
				"south": {"uv": [2.375, 8.875, 2.625, 9.125], "texture": "#0"},
				"west": {"uv": [2.125, 8.875, 2.375, 9.125], "texture": "#0"},
				"up": {"uv": [2.125, 8.875, 1.875, 8.625], "texture": "#0"},
				"down": {"uv": [2.375, 8.625, 2.125, 8.875], "texture": "#0"}
			}
		},
		{
			"from": [5.4, 15.15, 3.4],
			"to": [7.6, 17.35, 5.6],
			"rotation": {"angle": 0, "axis": "y", "origin": [8, 12, 6]},
			"faces": {
				"north": {"uv": [3, 8.875, 3.25, 9.125], "texture": "#0"},
				"east": {"uv": [2.75, 8.875, 3, 9.125], "texture": "#0"},
				"south": {"uv": [3.5, 8.875, 3.75, 9.125], "texture": "#0"},
				"west": {"uv": [3.25, 8.875, 3.5, 9.125], "texture": "#0"},
				"up": {"uv": [3.25, 8.875, 3, 8.625], "texture": "#0"},
				"down": {"uv": [3.5, 8.625, 3.25, 8.875], "texture": "#0"}
			}
		},
		{
			"from": [5.4, -3.35, 3.4],
			"to": [7.6, -1.15, 5.6],
			"rotation": {"angle": 0, "axis": "y", "origin": [8, 4, 6]},
			"faces": {
				"north": {"uv": [3, 8.875, 3.25, 9.125], "texture": "#0"},
				"east": {"uv": [2.75, 8.875, 3, 9.125], "texture": "#0"},
				"south": {"uv": [3.5, 8.875, 3.75, 9.125], "texture": "#0"},
				"west": {"uv": [3.25, 8.875, 3.5, 9.125], "texture": "#0"},
				"up": {"uv": [3.25, 8.875, 3, 8.625], "texture": "#0"},
				"down": {"uv": [3.5, 8.625, 3.25, 8.875], "texture": "#0"}
			}
		},
		{
			"from": [5.5, -3.25, 3.5],
			"to": [7.5, -1.25, 5.5],
			"rotation": {"angle": 0, "axis": "y", "origin": [8, 4, 6]},
			"faces": {
				"north": {"uv": [1.875, 8.875, 2.125, 9.125], "texture": "#0"},
				"east": {"uv": [1.625, 8.875, 1.875, 9.125], "texture": "#0"},
				"south": {"uv": [2.375, 8.875, 2.625, 9.125], "texture": "#0"},
				"west": {"uv": [2.125, 8.875, 2.375, 9.125], "texture": "#0"},
				"up": {"uv": [2.125, 8.875, 1.875, 8.625], "texture": "#0"},
				"down": {"uv": [2.375, 8.625, 2.125, 8.875], "texture": "#0"}
			}
		},
		{
			"from": [5.4, -4.35, 6.9],
			"to": [7.6, -2.15, 9.1],
			"rotation": {"angle": 0, "axis": "y", "origin": [8, 4, 6]},
			"faces": {
				"north": {"uv": [5.25, 8.875, 5.5, 9.125], "texture": "#0"},
				"east": {"uv": [5, 8.875, 5.25, 9.125], "texture": "#0"},
				"south": {"uv": [5.75, 8.875, 6, 9.125], "texture": "#0"},
				"west": {"uv": [5.5, 8.875, 5.75, 9.125], "texture": "#0"},
				"up": {"uv": [5.5, 8.875, 5.25, 8.625], "texture": "#0"},
				"down": {"uv": [5.75, 8.625, 5.5, 8.875], "texture": "#0"}
			}
		},
		{
			"from": [5.5, -4.25, 7],
			"to": [7.5, -2.25, 9],
			"rotation": {"angle": 0, "axis": "y", "origin": [8, 4, 6]},
			"faces": {
				"north": {"uv": [4.125, 8.875, 4.375, 9.125], "texture": "#0"},
				"east": {"uv": [3.875, 8.875, 4.125, 9.125], "texture": "#0"},
				"south": {"uv": [4.625, 8.875, 4.875, 9.125], "texture": "#0"},
				"west": {"uv": [4.375, 8.875, 4.625, 9.125], "texture": "#0"},
				"up": {"uv": [4.375, 8.875, 4.125, 8.625], "texture": "#0"},
				"down": {"uv": [4.625, 8.625, 4.375, 8.875], "texture": "#0"}
			}
		},
		{
			"from": [4.85, -5.4, 4.6],
			"to": [7.65, -2.6, 7.4],
			"rotation": {"angle": 0, "axis": "y", "origin": [8, 4, 6]},
			"faces": {
				"north": {"uv": [0.375, 9.625, 0.75, 10], "texture": "#0"},
				"east": {"uv": [0, 9.625, 0.375, 10], "texture": "#0"},
				"south": {"uv": [1.125, 9.625, 1.5, 10], "texture": "#0"},
				"west": {"uv": [0.75, 9.625, 1.125, 10], "texture": "#0"},
				"up": {"uv": [0.75, 9.625, 0.375, 9.25], "texture": "#0"},
				"down": {"uv": [1.125, 9.25, 0.75, 9.625], "texture": "#0"}
			}
		},
		{
			"from": [5, -5.25, 4.75],
			"to": [7.5, -2.75, 7.25],
			"rotation": {"angle": 0, "axis": "y", "origin": [8, 4, 6]},
			"faces": {
				"north": {"uv": [0.375, 8.75, 0.75, 9.125], "texture": "#0"},
				"east": {"uv": [0, 8.75, 0.375, 9.125], "texture": "#0"},
				"south": {"uv": [1.125, 8.75, 1.5, 9.125], "texture": "#0"},
				"west": {"uv": [0.75, 8.75, 1.125, 9.125], "texture": "#0"},
				"up": {"uv": [0.75, 8.75, 0.375, 8.375], "texture": "#0"},
				"down": {"uv": [1.125, 8.375, 0.75, 8.75], "texture": "#0"}
			}
		},
		{
			"from": [8.5, 15.75, 5.75],
			"to": [11, 18.25, 8.25],
			"rotation": {"angle": 0, "axis": "y", "origin": [8, 12, 6]},
			"faces": {
				"north": {"uv": [0.75, 8.75, 0.375, 9.125], "texture": "#0"},
				"east": {"uv": [1.125, 8.75, 0.75, 9.125], "texture": "#0"},
				"south": {"uv": [1.5, 8.75, 1.125, 9.125], "texture": "#0"},
				"west": {"uv": [0.375, 8.75, 0, 9.125], "texture": "#0"},
				"up": {"uv": [0.375, 8.75, 0.75, 8.375], "texture": "#0"},
				"down": {"uv": [0.75, 8.375, 1.125, 8.75], "texture": "#0"}
			}
		},
		{
			"from": [8.35, 15.6, 5.6],
			"to": [11.15, 18.4, 8.4],
			"rotation": {"angle": 0, "axis": "y", "origin": [8, 12, 6]},
			"faces": {
				"north": {"uv": [0.75, 9.625, 0.375, 10], "texture": "#0"},
				"east": {"uv": [1.125, 9.625, 0.75, 10], "texture": "#0"},
				"south": {"uv": [1.5, 9.625, 1.125, 10], "texture": "#0"},
				"west": {"uv": [0.375, 9.625, 0, 10], "texture": "#0"},
				"up": {"uv": [0.375, 9.625, 0.75, 9.25], "texture": "#0"},
				"down": {"uv": [0.75, 9.25, 1.125, 9.625], "texture": "#0"}
			}
		},
		{
			"from": [8.5, 14.25, 3.5],
			"to": [10.5, 16.25, 5.5],
			"rotation": {"angle": 0, "axis": "y", "origin": [8, 12, 6]},
			"faces": {
				"north": {"uv": [2.125, 8.875, 1.875, 9.125], "texture": "#0"},
				"east": {"uv": [2.375, 8.875, 2.125, 9.125], "texture": "#0"},
				"south": {"uv": [2.625, 8.875, 2.375, 9.125], "texture": "#0"},
				"west": {"uv": [1.875, 8.875, 1.625, 9.125], "texture": "#0"},
				"up": {"uv": [1.875, 8.875, 2.125, 8.625], "texture": "#0"},
				"down": {"uv": [2.125, 8.625, 2.375, 8.875], "texture": "#0"}
			}
		},
		{
			"from": [8.4, 14.15, 3.4],
			"to": [10.6, 16.35, 5.6],
			"rotation": {"angle": 0, "axis": "y", "origin": [8, 12, 6]},
			"faces": {
				"north": {"uv": [3.25, 8.875, 3, 9.125], "texture": "#0"},
				"east": {"uv": [3.5, 8.875, 3.25, 9.125], "texture": "#0"},
				"south": {"uv": [3.75, 8.875, 3.5, 9.125], "texture": "#0"},
				"west": {"uv": [3, 8.875, 2.75, 9.125], "texture": "#0"},
				"up": {"uv": [3, 8.875, 3.25, 8.625], "texture": "#0"},
				"down": {"uv": [3.25, 8.625, 3.5, 8.875], "texture": "#0"}
			}
		},
		{
			"from": [8.4, -2.35, 3.4],
			"to": [10.6, -0.15, 5.6],
			"rotation": {"angle": 0, "axis": "y", "origin": [8, 4, 6]},
			"faces": {
				"north": {"uv": [3.25, 8.875, 3, 9.125], "texture": "#0"},
				"east": {"uv": [3.5, 8.875, 3.25, 9.125], "texture": "#0"},
				"south": {"uv": [3.75, 8.875, 3.5, 9.125], "texture": "#0"},
				"west": {"uv": [3, 8.875, 2.75, 9.125], "texture": "#0"},
				"up": {"uv": [3, 8.875, 3.25, 8.625], "texture": "#0"},
				"down": {"uv": [3.25, 8.625, 3.5, 8.875], "texture": "#0"}
			}
		},
		{
			"from": [8.5, -2.25, 3.5],
			"to": [10.5, -0.25, 5.5],
			"rotation": {"angle": 0, "axis": "y", "origin": [8, 4, 6]},
			"faces": {
				"north": {"uv": [2.125, 8.875, 1.875, 9.125], "texture": "#0"},
				"east": {"uv": [2.375, 8.875, 2.125, 9.125], "texture": "#0"},
				"south": {"uv": [2.625, 8.875, 2.375, 9.125], "texture": "#0"},
				"west": {"uv": [1.875, 8.875, 1.625, 9.125], "texture": "#0"},
				"up": {"uv": [1.875, 8.875, 2.125, 8.625], "texture": "#0"},
				"down": {"uv": [2.125, 8.625, 2.375, 8.875], "texture": "#0"}
			}
		},
		{
			"from": [8.4, -3.6, 6.9],
			"to": [10.6, -1.4, 9.1],
			"rotation": {"angle": 0, "axis": "y", "origin": [8, 4, 6]},
			"faces": {
				"north": {"uv": [5.5, 8.875, 5.25, 9.125], "texture": "#0"},
				"east": {"uv": [5.75, 8.875, 5.5, 9.125], "texture": "#0"},
				"south": {"uv": [6, 8.875, 5.75, 9.125], "texture": "#0"},
				"west": {"uv": [5.25, 8.875, 5, 9.125], "texture": "#0"},
				"up": {"uv": [5.25, 8.875, 5.5, 8.625], "texture": "#0"},
				"down": {"uv": [5.5, 8.625, 5.75, 8.875], "texture": "#0"}
			}
		},
		{
			"from": [8.5, -3.5, 7],
			"to": [10.5, -1.5, 9],
			"rotation": {"angle": 0, "axis": "y", "origin": [8, 4, 6]},
			"faces": {
				"north": {"uv": [4.375, 8.875, 4.125, 9.125], "texture": "#0"},
				"east": {"uv": [4.625, 8.875, 4.375, 9.125], "texture": "#0"},
				"south": {"uv": [4.875, 8.875, 4.625, 9.125], "texture": "#0"},
				"west": {"uv": [4.125, 8.875, 3.875, 9.125], "texture": "#0"},
				"up": {"uv": [4.125, 8.875, 4.375, 8.625], "texture": "#0"},
				"down": {"uv": [4.375, 8.625, 4.625, 8.875], "texture": "#0"}
			}
		},
		{
			"from": [8.35, -5.65, 5.6],
			"to": [11.15, -2.85, 8.4],
			"rotation": {"angle": 0, "axis": "y", "origin": [8, 4, 6]},
			"faces": {
				"north": {"uv": [0.75, 9.625, 0.375, 10], "texture": "#0"},
				"east": {"uv": [1.125, 9.625, 0.75, 10], "texture": "#0"},
				"south": {"uv": [1.5, 9.625, 1.125, 10], "texture": "#0"},
				"west": {"uv": [0.375, 9.625, 0, 10], "texture": "#0"},
				"up": {"uv": [0.375, 9.625, 0.75, 9.25], "texture": "#0"},
				"down": {"uv": [0.75, 9.25, 1.125, 9.625], "texture": "#0"}
			}
		},
		{
			"from": [8.5, -5.5, 5.75],
			"to": [11, -3, 8.25],
			"rotation": {"angle": 0, "axis": "y", "origin": [8, 4, 6]},
			"faces": {
				"north": {"uv": [0.75, 8.75, 0.375, 9.125], "texture": "#0"},
				"east": {"uv": [1.125, 8.75, 0.75, 9.125], "texture": "#0"},
				"south": {"uv": [1.5, 8.75, 1.125, 9.125], "texture": "#0"},
				"west": {"uv": [0.375, 8.75, 0, 9.125], "texture": "#0"},
				"up": {"uv": [0.375, 8.75, 0.75, 8.375], "texture": "#0"},
				"down": {"uv": [0.75, 8.375, 1.125, 8.75], "texture": "#0"}
			}
		},
		{
			"from": [6.25, 8.25, 1.25],
			"to": [9.75, 16.75, 4.75],
			"rotation": {"angle": 45, "axis": "x", "origin": [8, 12, 6]},
			"faces": {
				"north": {"uv": [7.375, 7.125, 7.75, 8.125], "texture": "#0"},
				"east": {"uv": [7, 7.125, 7.375, 8.125], "texture": "#0"},
				"south": {"uv": [8.125, 7.125, 8.5, 8.125], "texture": "#0"},
				"west": {"uv": [7.75, 7.125, 8.125, 8.125], "texture": "#0"},
				"up": {"uv": [7.75, 7.125, 7.375, 6.75], "texture": "#0"},
				"down": {"uv": [8.125, 6.75, 7.75, 7.125], "texture": "#0"}
			}
		},
		{
			"from": [6.25, 20.77082, 9.61396],
			"to": [9.75, 24.27082, 15.11396],
			"rotation": {"angle": 45, "axis": "x", "origin": [8, 24.02082, 12.36396]},
			"faces": {
				"north": {"uv": [0.625, 6.625, 1, 7], "texture": "#0"},
				"east": {"uv": [0, 6.625, 0.625, 7], "texture": "#0"},
				"south": {"uv": [1.625, 6.625, 2, 7], "texture": "#0"},
				"west": {"uv": [1, 6.625, 1.625, 7], "texture": "#0"},
				"up": {"uv": [1, 6.625, 0.625, 6], "texture": "#0"},
				"down": {"uv": [1.375, 6, 1, 6.625], "texture": "#0"}
			}
		},
		{
			"from": [6.75, 16.25, 1.75],
			"to": [9.25, 22.75, 4.25],
			"rotation": {"angle": 45, "axis": "x", "origin": [8, 12, 6]},
			"faces": {
				"north": {"uv": [5.75, 7.375, 6, 8.125], "texture": "#0"},
				"east": {"uv": [5.5, 7.375, 5.75, 8.125], "texture": "#0"},
				"south": {"uv": [6.25, 7.375, 6.5, 8.125], "texture": "#0"},
				"west": {"uv": [6, 7.375, 6.25, 8.125], "texture": "#0"},
				"up": {"uv": [6, 7.375, 5.75, 7.125], "texture": "#0"},
				"down": {"uv": [6.25, 7.125, 6, 7.375], "texture": "#0"}
			}
		},
		{
			"from": [6.5, 16.5, 1.5],
			"to": [9.5, 22.5, 4.5],
			"rotation": {"angle": 45, "axis": "x", "origin": [8, 12, 6]},
			"faces": {
				"north": {"uv": [2, 7.5, 2.375, 8.25], "texture": "#0"},
				"east": {"uv": [1.625, 7.5, 2, 8.25], "texture": "#0"},
				"south": {"uv": [2.75, 7.5, 3.125, 8.25], "texture": "#0"},
				"west": {"uv": [2.375, 7.5, 2.75, 8.25], "texture": "#0"},
				"up": {"uv": [2.375, 7.5, 2, 7.125], "texture": "#0"},
				"down": {"uv": [2.75, 7.125, 2.375, 7.5], "texture": "#0"}
			}
		},
		{
			"from": [6.75, -8.75, 1.75],
			"to": [9.25, -2.25, 4.25],
			"rotation": {"angle": -45, "axis": "x", "origin": [8, 2, 6]},
			"faces": {
				"north": {"uv": [4.625, 7.375, 4.875, 8.125], "texture": "#0"},
				"east": {"uv": [4.375, 7.375, 4.625, 8.125], "texture": "#0"},
				"south": {"uv": [5.125, 7.375, 5.375, 8.125], "texture": "#0"},
				"west": {"uv": [4.875, 7.375, 5.125, 8.125], "texture": "#0"},
				"up": {"uv": [4.875, 7.375, 4.625, 7.125], "texture": "#0"},
				"down": {"uv": [5.125, 7.125, 4.875, 7.375], "texture": "#0"}
			}
		},
		{
			"from": [6.5, 0.5, 3.5],
			"to": [9.5, 3.5, 9.5],
			"rotation": {"angle": -22.5, "axis": "x", "origin": [8, 2, 6]},
			"faces": {
				"north": {"uv": [4.625, 1.75, 5, 2.125], "texture": "#0"},
				"east": {"uv": [3.875, 1.75, 4.625, 2.125], "texture": "#0"},
				"south": {"uv": [5.75, 1.75, 6.125, 2.125], "texture": "#0"},
				"west": {"uv": [5, 1.75, 5.75, 2.125], "texture": "#0"},
				"up": {"uv": [5, 1.75, 4.625, 1], "texture": "#0"},
				"down": {"uv": [5.375, 1, 5, 1.75], "texture": "#0"}
			}
		},
		{
			"from": [6.25, -2.75, 1.25],
			"to": [9.75, 5.75, 4.75],
			"rotation": {"angle": -45, "axis": "x", "origin": [8, 2, 6]},
			"faces": {
				"north": {"uv": [6.875, 1.5, 7.25, 2.5], "texture": "#0"},
				"east": {"uv": [6.5, 1.5, 6.875, 2.5], "texture": "#0"},
				"south": {"uv": [7.625, 1.5, 8, 2.5], "texture": "#0"},
				"west": {"uv": [7.25, 1.5, 7.625, 2.5], "texture": "#0"},
				"up": {"uv": [7.25, 1.5, 6.875, 1.125], "texture": "#0"},
				"down": {"uv": [7.625, 1.125, 7.25, 1.5], "texture": "#0"}
			}
		},
		{
			"from": [6, -3, 1],
			"to": [10, 6, 5],
			"rotation": {"angle": -45, "axis": "x", "origin": [8, 2, 6]},
			"faces": {
				"north": {"uv": [3, 0.5, 3.5, 1.625], "texture": "#0"},
				"east": {"uv": [2.5, 0.5, 3, 1.625], "texture": "#0"},
				"south": {"uv": [4, 0.5, 4.5, 1.625], "texture": "#0"},
				"west": {"uv": [3.5, 0.5, 4, 1.625], "texture": "#0"},
				"up": {"uv": [3.5, 0.5, 3, 0], "texture": "#0"},
				"down": {"uv": [4, 0, 3.5, 0.5], "texture": "#0"}
			}
		},
		{
			"from": [8, -13, -3],
			"to": [8, 5, 16],
			"rotation": {"angle": 0, "axis": "y", "origin": [8, 2, 6]},
			"faces": {
				"north": {"uv": [4.875, 4.75, 4.875, 7], "texture": "#0"},
				"east": {"uv": [2.5, 4.75, 4.875, 7], "texture": "#0"},
				"south": {"uv": [7.25, 4.75, 7.25, 7], "texture": "#0"},
				"west": {"uv": [4.875, 4.75, 7.25, 7], "texture": "#0"},
				"up": {"uv": [4.875, 4.75, 4.875, 2.375], "texture": "#0"},
				"down": {"uv": [4.875, 2.375, 4.875, 4.75], "texture": "#0"}
			}
		},
		{
			"from": [8, 9, -3],
			"to": [8, 27, 16],
			"rotation": {"angle": 0, "axis": "y", "origin": [8, 14, 6]},
			"faces": {
				"north": {"uv": [2.375, 2.375, 2.375, 4.625], "texture": "#0"},
				"east": {"uv": [0, 2.375, 2.375, 4.625], "texture": "#0"},
				"south": {"uv": [4.75, 2.375, 4.75, 4.625], "texture": "#0"},
				"west": {"uv": [2.375, 2.375, 4.75, 4.625], "texture": "#0"},
				"up": {"uv": [2.375, 2.375, 2.375, 0], "texture": "#0"},
				"down": {"uv": [2.375, 0, 2.375, 2.375], "texture": "#0"}
			}
		},
		{
			"from": [7.9, 5, 12],
			"to": [7.9, 21, 13],
			"rotation": {"angle": 0, "axis": "y", "origin": [7.9, 21, 12.5]},
			"faces": {
				"north": {"uv": [7.5, 4.625, 7.5, 6.625], "texture": "#0"},
				"east": {"uv": [7.375, 4.625, 7.5, 6.625], "texture": "#0"},
				"south": {"uv": [7.625, 4.625, 7.625, 6.625], "texture": "#0"},
				"west": {"uv": [7.5, 4.625, 7.625, 6.625], "texture": "#0"},
				"up": {"uv": [7.5, 4.625, 7.5, 4.5], "texture": "#0"},
				"down": {"uv": [7.5, 4.5, 7.5, 4.625], "texture": "#0"}
			}
		},
		{
			"from": [7.9, -7, 12],
			"to": [7.9, 9, 13],
			"rotation": {"angle": 0, "axis": "y", "origin": [7.9, -7, 12.5]},
			"faces": {
				"north": {"uv": [7.875, 4.625, 7.875, 6.625], "texture": "#0"},
				"east": {"uv": [7.75, 4.625, 7.875, 6.625], "texture": "#0"},
				"south": {"uv": [8, 4.625, 8, 6.625], "texture": "#0"},
				"west": {"uv": [7.875, 4.625, 8, 6.625], "texture": "#0"},
				"up": {"uv": [7.875, 4.625, 7.875, 4.5], "texture": "#0"},
				"down": {"uv": [7.875, 4.5, 7.875, 4.625], "texture": "#0"}
			}
		},
		{
			"from": [6, 8, 1],
			"to": [10, 17, 5],
			"rotation": {"angle": 45, "axis": "x", "origin": [8, 12, 6]},
			"faces": {
				"north": {"uv": [0.5, 0.5, 1, 1.625], "texture": "#0"},
				"east": {"uv": [0, 0.5, 0.5, 1.625], "texture": "#0"},
				"south": {"uv": [1.5, 0.5, 2, 1.625], "texture": "#0"},
				"west": {"uv": [1, 0.5, 1.5, 1.625], "texture": "#0"},
				"up": {"uv": [1, 0.5, 0.5, 0], "texture": "#0"},
				"down": {"uv": [1.5, 0, 1, 0.5], "texture": "#0"}
			}
		},
		{
			"from": [6.75, 2.25, 5.75],
			"to": [9.25, 11.75, 8.25],
			"rotation": {"angle": 0, "axis": "y", "origin": [0, 13.5, 0]},
			"faces": {
				"north": {"uv": [7.375, 2.875, 7.625, 4], "texture": "#0"},
				"east": {"uv": [7.125, 2.875, 7.375, 4], "texture": "#0"},
				"south": {"uv": [7.875, 2.875, 8.125, 4], "texture": "#0"},
				"west": {"uv": [7.625, 2.875, 7.875, 4], "texture": "#0"},
				"up": {"uv": [7.625, 2.875, 7.375, 2.625], "texture": "#0"},
				"down": {"uv": [7.875, 2.625, 7.625, 2.875], "texture": "#0"}
			}
		},
		{
			"from": [6.5, -8.5, 1.5],
			"to": [9.5, -2.5, 4.5],
			"rotation": {"angle": -45, "axis": "x", "origin": [8, 2, 6]},
			"faces": {
				"north": {"uv": [0.375, 7.5, 0.75, 8.25], "texture": "#0"},
				"east": {"uv": [0, 7.5, 0.375, 8.25], "texture": "#0"},
				"south": {"uv": [1.125, 7.5, 1.5, 8.25], "texture": "#0"},
				"west": {"uv": [0.75, 7.5, 1.125, 8.25], "texture": "#0"},
				"up": {"uv": [0.75, 7.5, 0.375, 7.125], "texture": "#0"},
				"down": {"uv": [1.125, 7.125, 0.75, 7.5], "texture": "#0"}
			}
		},
		{
			"from": [6.25, -10.27082, 9.61396],
			"to": [9.75, -6.77082, 15.11396],
			"rotation": {"angle": -45, "axis": "x", "origin": [8, -10.02082, 12.36396]},
			"faces": {
				"north": {"uv": [6.125, 0.625, 6.5, 1], "texture": "#0"},
				"east": {"uv": [5.5, 0.625, 6.125, 1], "texture": "#0"},
				"south": {"uv": [7.125, 0.625, 7.5, 1], "texture": "#0"},
				"west": {"uv": [6.5, 0.625, 7.125, 1], "texture": "#0"},
				"up": {"uv": [6.5, 0.625, 6.125, 0], "texture": "#0"},
				"down": {"uv": [6.875, 0, 6.5, 0.625], "texture": "#0"}
			}
		},
		{
			"from": [6.5, 21.02082, 9.86396],
			"to": [9.5, 24.02082, 14.86396],
			"rotation": {"angle": 45, "axis": "x", "origin": [8, 24.02082, 12.36396]},
			"faces": {
				"north": {"uv": [5.625, 2.875, 6, 3.25], "texture": "#0"},
				"east": {"uv": [5, 2.875, 5.625, 3.25], "texture": "#0"},
				"south": {"uv": [6.625, 2.875, 7, 3.25], "texture": "#0"},
				"west": {"uv": [6, 2.875, 6.625, 3.25], "texture": "#0"},
				"up": {"uv": [6, 2.875, 5.625, 2.25], "texture": "#0"},
				"down": {"uv": [6.375, 2.25, 6, 2.875], "texture": "#0"}
			}
		},
		{
			"from": [6.5, -10.02082, 9.86396],
			"to": [9.5, -7.02082, 14.86396],
			"rotation": {"angle": -45, "axis": "x", "origin": [8, -10.02082, 12.36396]},
			"faces": {
				"north": {"uv": [5.625, 4, 6, 4.375], "texture": "#0"},
				"east": {"uv": [5, 4, 5.625, 4.375], "texture": "#0"},
				"south": {"uv": [6.625, 4, 7, 4.375], "texture": "#0"},
				"west": {"uv": [6, 4, 6.625, 4.375], "texture": "#0"},
				"up": {"uv": [6, 4, 5.625, 3.375], "texture": "#0"},
				"down": {"uv": [6.375, 3.375, 6, 4], "texture": "#0"}
			}
		}
	],
	"display": {
		"thirdperson_righthand": {
			"translation": [0, -1.75, 4.75]
		},
		"thirdperson_lefthand": {
			"translation": [0, -1.75, 4.75]
		},
		"firstperson_righthand": {
			"rotation": [6.48, 19.77, 3.53],
			"translation": [4.75, 8.25, -4.25]
		},
		"firstperson_lefthand": {
			"translation": [5.25, 4.75, -1]
		},
		"ground": {
			"translation": [0, 3.75, 0],
			"scale": [0.55, 0.55, 0.55]
		},
		"gui": {
			"rotation": [-180, 43, -174.25],
			"scale": [0.5, 0.5, 0.5]
		},
		"fixed": {
			"rotation": [0, -90, 0],
			"translation": [0, 0, -0.5],
			"scale": [0.6, 0.6, 0.6]
		}
	},
	"groups": [
		{
			"name": "Bow",
			"origin": [8, -10.02082, 12.36396],
			"color": 0,
			"children": [
				{
					"name": "arrow",
					"origin": [0, 0, 0],
					"color": 0,
					"children": [0, 1]
				},
				2,
				3,
				4,
				5,
				6,
				7,
				8,
				9,
				10,
				11,
				12,
				13,
				14,
				15,
				16,
				17,
				18,
				19,
				20,
				21,
				22,
				23,
				24,
				25,
				26,
				27,
				28,
				29,
				30,
				31,
				32,
				33,
				{
					"name": "Up",
					"origin": [7.9, 21, 12.5],
					"color": 0,
					"children": [34]
				},
				{
					"name": "Down",
					"origin": [7.9, -7, 12.5],
					"color": 0,
					"children": [35]
				},
				36,
				37,
				38,
				39,
				40,
				41
			]
		}
	]
}
