{
	"credit": "Made with Blockbench",
	"ambientocclusion": false,
	"texture_size": [
		128,
		128
	],
	"textures": {
		"0": "elitemobs:items/ancientpalladiumcrossbow",
		"particle": "elitemobs:items/ancientpalladiumcrossbow"
	},
	"elements": [
		{
			"from": [
				6,
				5,
				-1
			],
			"to": [
				10,
				8,
				17
			],
			"rotation": {
				"angle": 0,
				"axis": "y",
				"origin": [
					-6,
					-4,
					12
				]
			},
			"faces": {
				"north": {
					"uv": [
						5.375,
						3.375,
						5.875,
						3.75
					],
					"texture": "#0"
				},
				"east": {
					"uv": [
						3.125,
						3.375,
						5.375,
						3.75
					],
					"texture": "#0"
				},
				"south": {
					"uv": [
						8.125,
						3.375,
						8.625,
						3.75
					],
					"texture": "#0"
				},
				"west": {
					"uv": [
						5.875,
						3.375,
						8.125,
						3.75
					],
					"texture": "#0"
				},
				"up": {
					"uv": [
						5.875,
						3.375,
						5.375,
						1.125
					],
					"texture": "#0"
				},
				"down": {
					"uv": [
						6.375,
						1.125,
						5.875,
						3.375
					],
					"texture": "#0"
				}
			}
		},
		{
			"from": [
				7.25,
				7.5,
				-3.25
			],
			"to": [
				8.75,
				9,
				13.25
			],
			"rotation": {
				"angle": 0,
				"axis": "y",
				"origin": [
					8,
					8.25,
					4.75
				]
			},
			"faces": {
				"north": {
					"uv": [
						4.625,
						5.875,
						4.75,
						6
					],
					"texture": "#0"
				},
				"east": {
					"uv": [
						2.625,
						5.875,
						4.625,
						6
					],
					"texture": "#0"
				},
				"south": {
					"uv": [
						6.75,
						5.875,
						6.875,
						6
					],
					"texture": "#0"
				},
				"west": {
					"uv": [
						4.75,
						5.875,
						6.75,
						6
					],
					"texture": "#0"
				},
				"up": {
					"uv": [
						4.75,
						5.875,
						4.625,
						3.875
					],
					"texture": "#0"
				},
				"down": {
					"uv": [
						4.875,
						3.875,
						4.75,
						5.875
					],
					"texture": "#0"
				}
			}
		},
		{
			"from": [
				8,
				5.75,
				-6
			],
			"to": [
				8,
				10.75,
				15
			],
			"rotation": {
				"angle": 0,
				"axis": "y",
				"origin": [
					8,
					8.25,
					4.75
				]
			},
			"faces": {
				"north": {
					"uv": [
						2.625,
						2.625,
						2.625,
						3.25
					],
					"texture": "#0"
				},
				"east": {
					"uv": [
						0,
						2.625,
						2.625,
						3.25
					],
					"texture": "#0"
				},
				"south": {
					"uv": [
						5.25,
						2.625,
						5.25,
						3.25
					],
					"texture": "#0"
				},
				"west": {
					"uv": [
						2.625,
						2.625,
						5.25,
						3.25
					],
					"texture": "#0"
				},
				"up": {
					"uv": [
						2.625,
						2.625,
						2.625,
						0
					],
					"texture": "#0"
				},
				"down": {
					"uv": [
						2.625,
						0,
						2.625,
						2.625
					],
					"texture": "#0"
				}
			}
		},
		{
			"from": [
				5.65,
				4.65,
				8.65
			],
			"to": [
				10.35,
				8.35,
				17.35
			],
			"rotation": {
				"angle": 0,
				"axis": "y",
				"origin": [
					-6,
					-4,
					12
				]
			},
			"faces": {
				"north": {
					"uv": [
						6,
						4.875,
						6.5,
						5.25
					],
					"texture": "#0"
				},
				"east": {
					"uv": [
						5,
						4.875,
						6,
						5.25
					],
					"texture": "#0"
				},
				"south": {
					"uv": [
						7.5,
						4.875,
						8,
						5.25
					],
					"texture": "#0"
				},
				"west": {
					"uv": [
						6.5,
						4.875,
						7.5,
						5.25
					],
					"texture": "#0"
				},
				"up": {
					"uv": [
						6.5,
						4.875,
						6,
						3.875
					],
					"texture": "#0"
				},
				"down": {
					"uv": [
						7,
						3.875,
						6.5,
						4.875
					],
					"texture": "#0"
				}
			}
		},
		{
			"from": [
				6.5,
				8.5,
				14.5
			],
			"to": [
				9.5,
				11.5,
				20.5
			],
			"rotation": {
				"angle": 45,
				"axis": "x",
				"origin": [
					8,
					6.5,
					10.5
				]
			},
			"faces": {
				"north": {
					"uv": [
						0.75,
						0.75,
						1.125,
						1.125
					],
					"texture": "#0"
				},
				"east": {
					"uv": [
						0,
						0.75,
						0.75,
						1.125
					],
					"texture": "#0"
				},
				"south": {
					"uv": [
						1.875,
						0.75,
						2.25,
						1.125
					],
					"texture": "#0"
				},
				"west": {
					"uv": [
						1.125,
						0.75,
						1.875,
						1.125
					],
					"texture": "#0"
				},
				"up": {
					"uv": [
						1.125,
						0.75,
						0.75,
						0
					],
					"texture": "#0"
				},
				"down": {
					"uv": [
						1.5,
						0,
						1.125,
						0.75
					],
					"texture": "#0"
				}
			}
		},
		{
			"from": [
				6.25,
				8.25,
				18.25
			],
			"to": [
				9.75,
				11.75,
				20.75
			],
			"rotation": {
				"angle": 45,
				"axis": "x",
				"origin": [
					8,
					6.5,
					10.5
				]
			},
			"faces": {
				"north": {
					"uv": [
						0.25,
						5.625,
						0.625,
						6
					],
					"texture": "#0"
				},
				"east": {
					"uv": [
						0,
						5.625,
						0.25,
						6
					],
					"texture": "#0"
				},
				"south": {
					"uv": [
						0.875,
						5.625,
						1.25,
						6
					],
					"texture": "#0"
				},
				"west": {
					"uv": [
						0.625,
						5.625,
						0.875,
						6
					],
					"texture": "#0"
				},
				"up": {
					"uv": [
						0.625,
						5.625,
						0.25,
						5.375
					],
					"texture": "#0"
				},
				"down": {
					"uv": [
						1,
						5.375,
						0.625,
						5.625
					],
					"texture": "#0"
				}
			}
		},
		{
			"from": [
				5,
				4.25,
				1
			],
			"to": [
				11,
				7.25,
				13
			],
			"rotation": {
				"angle": 0,
				"axis": "y",
				"origin": [
					-6,
					-4,
					12
				]
			},
			"faces": {
				"north": {
					"uv": [
						1.5,
						4.875,
						2.25,
						5.25
					],
					"texture": "#0"
				},
				"east": {
					"uv": [
						0,
						4.875,
						1.5,
						5.25
					],
					"texture": "#0"
				},
				"south": {
					"uv": [
						3.75,
						4.875,
						4.5,
						5.25
					],
					"texture": "#0"
				},
				"west": {
					"uv": [
						2.25,
						4.875,
						3.75,
						5.25
					],
					"texture": "#0"
				},
				"up": {
					"uv": [
						2.25,
						4.875,
						1.5,
						3.375
					],
					"texture": "#0"
				},
				"down": {
					"uv": [
						3,
						3.375,
						2.25,
						4.875
					],
					"texture": "#0"
				}
			}
		},
		{
			"from": [
				4.5,
				5.75,
				0.25
			],
			"to": [
				7,
				9.25,
				2.75
			],
			"rotation": {
				"angle": 0,
				"axis": "y",
				"origin": [
					-6,
					-3.75,
					9
				]
			},
			"faces": {
				"north": {
					"uv": [
						1.625,
						5.625,
						1.875,
						6
					],
					"texture": "#0"
				},
				"east": {
					"uv": [
						1.375,
						5.625,
						1.625,
						6
					],
					"texture": "#0"
				},
				"south": {
					"uv": [
						2.125,
						5.625,
						2.375,
						6
					],
					"texture": "#0"
				},
				"west": {
					"uv": [
						1.875,
						5.625,
						2.125,
						6
					],
					"texture": "#0"
				},
				"up": {
					"uv": [
						1.875,
						5.625,
						1.625,
						5.375
					],
					"texture": "#0"
				},
				"down": {
					"uv": [
						2.125,
						5.375,
						1.875,
						5.625
					],
					"texture": "#0"
				}
			}
		},
		{
			"from": [
				-2.5,
				6.25,
				0.75
			],
			"to": [
				6,
				8.75,
				2.25
			],
			"rotation": {
				"angle": 22.5,
				"axis": "y",
				"origin": [
					5.75,
					7.5,
					1.5
				]
			},
			"faces": {
				"north": {
					"uv": [
						2.875,
						0.625,
						3.875,
						0.875
					],
					"texture": "#0"
				},
				"east": {
					"uv": [
						2.75,
						0.625,
						2.875,
						0.875
					],
					"texture": "#0"
				},
				"south": {
					"uv": [
						4,
						0.625,
						5,
						0.875
					],
					"texture": "#0"
				},
				"west": {
					"uv": [
						3.875,
						0.625,
						4,
						0.875
					],
					"texture": "#0"
				},
				"up": {
					"uv": [
						3.875,
						0.625,
						2.875,
						0.5
					],
					"texture": "#0"
				},
				"down": {
					"uv": [
						4.875,
						0.5,
						3.875,
						0.625
					],
					"texture": "#0"
				}
			}
		},
		{
			"from": [
				10,
				6.25,
				0.75
			],
			"to": [
				18.5,
				8.75,
				2.25
			],
			"rotation": {
				"angle": -22.5,
				"axis": "y",
				"origin": [
					10.25,
					7.5,
					1.5
				]
			},
			"faces": {
				"north": {
					"uv": [
						3.875,
						0.625,
						2.875,
						0.875
					],
					"texture": "#0"
				},
				"east": {
					"uv": [
						4,
						0.625,
						3.875,
						0.875
					],
					"texture": "#0"
				},
				"south": {
					"uv": [
						5,
						0.625,
						4,
						0.875
					],
					"texture": "#0"
				},
				"west": {
					"uv": [
						2.875,
						0.625,
						2.75,
						0.875
					],
					"texture": "#0"
				},
				"up": {
					"uv": [
						2.875,
						0.625,
						3.875,
						0.5
					],
					"texture": "#0"
				},
				"down": {
					"uv": [
						3.875,
						0.5,
						4.875,
						0.625
					],
					"texture": "#0"
				}
			}
		},
		{
			"from": [
				-2.9888,
				5.5,
				3.32683
			],
			"to": [
				-0.9888,
				9.5,
				6.32683
			],
			"rotation": {
				"angle": -22.5,
				"axis": "y",
				"origin": [
					-3.4888,
					7.5,
					5.32683
				]
			},
			"faces": {
				"north": {
					"uv": [
						3.5,
						4.25,
						3.75,
						4.75
					],
					"texture": "#0"
				},
				"east": {
					"uv": [
						3.125,
						4.25,
						3.5,
						4.75
					],
					"texture": "#0"
				},
				"south": {
					"uv": [
						4.125,
						4.25,
						4.375,
						4.75
					],
					"texture": "#0"
				},
				"west": {
					"uv": [
						3.75,
						4.25,
						4.125,
						4.75
					],
					"texture": "#0"
				},
				"up": {
					"uv": [
						3.75,
						4.25,
						3.5,
						3.875
					],
					"texture": "#0"
				},
				"down": {
					"uv": [
						4,
						3.875,
						3.75,
						4.25
					],
					"texture": "#0"
				}
			}
		},
		{
			"from": [
				4.25,
				5.5,
				0
			],
			"to": [
				7.25,
				9.5,
				3
			],
			"rotation": {
				"angle": 0,
				"axis": "y",
				"origin": [
					-6,
					-3.75,
					9
				]
			},
			"faces": {
				"north": {
					"uv": [
						5.5,
						0.375,
						5.875,
						0.875
					],
					"texture": "#0"
				},
				"east": {
					"uv": [
						5.125,
						0.375,
						5.5,
						0.875
					],
					"texture": "#0"
				},
				"south": {
					"uv": [
						6.25,
						0.375,
						6.625,
						0.875
					],
					"texture": "#0"
				},
				"west": {
					"uv": [
						5.875,
						0.375,
						6.25,
						0.875
					],
					"texture": "#0"
				},
				"up": {
					"uv": [
						5.875,
						0.375,
						5.5,
						0
					],
					"texture": "#0"
				},
				"down": {
					"uv": [
						6.25,
						0,
						5.875,
						0.375
					],
					"texture": "#0"
				}
			}
		},
		{
			"from": [
				8.75,
				5.5,
				0
			],
			"to": [
				11.75,
				9.5,
				3
			],
			"rotation": {
				"angle": 0,
				"axis": "y",
				"origin": [
					22,
					-3.75,
					9
				]
			},
			"faces": {
				"north": {
					"uv": [
						5.875,
						0.375,
						5.5,
						0.875
					],
					"texture": "#0"
				},
				"east": {
					"uv": [
						6.25,
						0.375,
						5.875,
						0.875
					],
					"texture": "#0"
				},
				"south": {
					"uv": [
						6.625,
						0.375,
						6.25,
						0.875
					],
					"texture": "#0"
				},
				"west": {
					"uv": [
						5.5,
						0.375,
						5.125,
						0.875
					],
					"texture": "#0"
				},
				"up": {
					"uv": [
						5.5,
						0.375,
						5.875,
						0
					],
					"texture": "#0"
				},
				"down": {
					"uv": [
						5.875,
						0,
						6.25,
						0.375
					],
					"texture": "#0"
				}
			}
		},
		{
			"from": [
				16.9888,
				5.5,
				3.32683
			],
			"to": [
				18.9888,
				9.5,
				6.32683
			],
			"rotation": {
				"angle": 22.5,
				"axis": "y",
				"origin": [
					19.4888,
					7.5,
					5.32683
				]
			},
			"faces": {
				"north": {
					"uv": [
						3.75,
						4.25,
						3.5,
						4.75
					],
					"texture": "#0"
				},
				"east": {
					"uv": [
						4.125,
						4.25,
						3.75,
						4.75
					],
					"texture": "#0"
				},
				"south": {
					"uv": [
						4.375,
						4.25,
						4.125,
						4.75
					],
					"texture": "#0"
				},
				"west": {
					"uv": [
						3.5,
						4.25,
						3.125,
						4.75
					],
					"texture": "#0"
				},
				"up": {
					"uv": [
						3.5,
						4.25,
						3.75,
						3.875
					],
					"texture": "#0"
				},
				"down": {
					"uv": [
						3.75,
						3.875,
						4,
						4.25
					],
					"texture": "#0"
				}
			}
		},
		{
			"from": [
				9,
				5.75,
				0.25
			],
			"to": [
				11.5,
				9.25,
				2.75
			],
			"rotation": {
				"angle": 0,
				"axis": "y",
				"origin": [
					10,
					-3.75,
					9
				]
			},
			"faces": {
				"north": {
					"uv": [
						4.375,
						2,
						4.625,
						2.375
					],
					"texture": "#0"
				},
				"east": {
					"uv": [
						4.125,
						2,
						4.375,
						2.375
					],
					"texture": "#0"
				},
				"south": {
					"uv": [
						4.875,
						2,
						5.125,
						2.375
					],
					"texture": "#0"
				},
				"west": {
					"uv": [
						4.625,
						2,
						4.875,
						2.375
					],
					"texture": "#0"
				},
				"up": {
					"uv": [
						4.625,
						2,
						4.375,
						1.75
					],
					"texture": "#0"
				},
				"down": {
					"uv": [
						4.875,
						1.75,
						4.625,
						2
					],
					"texture": "#0"
				}
			}
		},
		{
			"from": [
				7,
				3,
				12
			],
			"to": [
				9,
				5,
				17
			],
			"rotation": {
				"angle": 0,
				"axis": "y",
				"origin": [
					-6,
					-4.5,
					12
				]
			},
			"faces": {
				"north": {
					"uv": [
						0.625,
						1.875,
						0.875,
						2.125
					],
					"texture": "#0"
				},
				"east": {
					"uv": [
						0,
						1.875,
						0.625,
						2.125
					],
					"texture": "#0"
				},
				"south": {
					"uv": [
						1.5,
						1.875,
						1.75,
						2.125
					],
					"texture": "#0"
				},
				"west": {
					"uv": [
						0.875,
						1.875,
						1.5,
						2.125
					],
					"texture": "#0"
				},
				"up": {
					"uv": [
						0.875,
						1.875,
						0.625,
						1.25
					],
					"texture": "#0"
				},
				"down": {
					"uv": [
						1.125,
						1.25,
						0.875,
						1.875
					],
					"texture": "#0"
				}
			}
		},
		{
			"from": [
				-2,
				8,
				7
			],
			"to": [
				10,
				9,
				7
			],
			"rotation": {
				"angle": -22.5,
				"axis": "y",
				"origin": [
					-1.5,
					8.5,
					7
				]
			},
			"faces": {
				"north": {
					"uv": [
						0,
						6.25,
						1.5,
						6.375
					],
					"texture": "#0"
				},
				"east": {
					"uv": [
						0,
						6.25,
						0,
						6.375
					],
					"texture": "#0"
				},
				"south": {
					"uv": [
						1.5,
						6.25,
						3,
						6.375
					],
					"texture": "#0"
				},
				"west": {
					"uv": [
						1.5,
						6.25,
						1.5,
						6.375
					],
					"texture": "#0"
				},
				"up": {
					"uv": [
						1.5,
						6.25,
						0,
						6.25
					],
					"texture": "#0"
				},
				"down": {
					"uv": [
						3,
						6.25,
						1.5,
						6.25
					],
					"texture": "#0"
				}
			}
		},
		{
			"from": [
				6,
				8,
				7
			],
			"to": [
				18,
				9,
				7
			],
			"rotation": {
				"angle": 22.5,
				"axis": "y",
				"origin": [
					17.5,
					8.5,
					7
				]
			},
			"faces": {
				"north": {
					"uv": [
						1.5,
						6.25,
						0,
						6.375
					],
					"texture": "#0"
				},
				"east": {
					"uv": [
						1.5,
						6.25,
						1.5,
						6.375
					],
					"texture": "#0"
				},
				"south": {
					"uv": [
						3,
						6.25,
						1.5,
						6.375
					],
					"texture": "#0"
				},
				"west": {
					"uv": [
						0,
						6.25,
						0,
						6.375
					],
					"texture": "#0"
				},
				"up": {
					"uv": [
						0,
						6.25,
						1.5,
						6.25
					],
					"texture": "#0"
				},
				"down": {
					"uv": [
						1.5,
						6.25,
						3,
						6.25
					],
					"texture": "#0"
				}
			}
		}
	],
	"display": {
		"gui": {
			"rotation": [
				90,
				45,
				0
			],
			"translation": [
				-0.25,
				0.25,
				0
			],
			"scale": [
				0.75,
				0.75,
				0.75
			]
		}
	},
	"groups": [
		{
			"name": "Crossbow",
			"origin": [
				0,
				-0.5,
				3
			],
			"color": 0,
			"children": [
				0,
				{
					"name": "Arrow",
					"origin": [
						8,
						8.25,
						4.75
					],
					"color": 0,
					"children": [
						1,
						2
					]
				},
				3,
				4,
				5,
				6,
				7,
				8,
				9,
				10,
				11,
				12,
				13,
				14,
				15,
				{
					"name": "String|Right",
					"origin": [
						-1.5,
						8.5,
						7
					],
					"color": 0,
					"children": [
						16
					]
				},
				{
					"name": "String|Left",
					"origin": [
						-1.5,
						8.5,
						7
					],
					"color": 0,
					"children": [
						17
					]
				}
			]
		}
	]
}