{
	"credit": "Made with Blockbench",
	"ambientocclusion": false,
	"texture_size": [64, 64],
	"textures": {
		"0": "elitemobs:items/ancientpalladiumscythe",
		"particle": "elitemobs:items/ancientpalladiumscythe"
	},
	"elements": [
		{
			"from": [7, -12, 7],
			"to": [9, 12, 9],
			"rotation": {"angle": 0, "axis": "y", "origin": [-6, 0, 5]},
			"faces": {
				"north": {"uv": [0.5, 0.5, 1, 6.5], "texture": "#0"},
				"east": {"uv": [0, 0.5, 0.5, 6.5], "texture": "#0"},
				"south": {"uv": [1.5, 0.5, 2, 6.5], "texture": "#0"},
				"west": {"uv": [1, 0.5, 1.5, 6.5], "texture": "#0"},
				"up": {"uv": [1, 0.5, 0.5, 0], "texture": "#0"},
				"down": {"uv": [1.5, 0, 1, 0.5], "texture": "#0"}
			}
		},
		{
			"from": [6.5, -13, 6.5],
			"to": [9.5, -2, 9.5],
			"rotation": {"angle": 0, "axis": "y", "origin": [-6, 0, 5]},
			"faces": {
				"north": {"uv": [3, 4.25, 3.75, 7], "texture": "#0"},
				"east": {"uv": [2.25, 4.25, 3, 7], "texture": "#0"},
				"south": {"uv": [4.5, 4.25, 5.25, 7], "texture": "#0"},
				"west": {"uv": [3.75, 4.25, 4.5, 7], "texture": "#0"},
				"up": {"uv": [3.75, 4.25, 3, 3.5], "texture": "#0"},
				"down": {"uv": [4.5, 3.5, 3.75, 4.25], "texture": "#0"}
			}
		},
		{
			"from": [6.75, -12.25, 6.75],
			"to": [9.25, 10.25, 9.25],
			"rotation": {"angle": 0, "axis": "y", "origin": [-6, 0, 5]},
			"faces": {
				"north": {"uv": [8.25, 0.5, 8.75, 6], "texture": "#0"},
				"east": {"uv": [7.75, 0.5, 8.25, 6], "texture": "#0"},
				"south": {"uv": [9.25, 0.5, 9.75, 6], "texture": "#0"},
				"west": {"uv": [8.75, 0.5, 9.25, 6], "texture": "#0"},
				"up": {"uv": [8.75, 0.5, 8.25, 0], "texture": "#0"},
				"down": {"uv": [9.25, 0, 8.75, 0.5], "texture": "#0"}
			}
		},
		{
			"from": [6.4, 11.4, 1.9],
			"to": [9.6, 20.6, 5.1],
			"rotation": {"angle": 22.5, "axis": "x", "origin": [-6, 0, 5]},
			"faces": {
				"north": {"uv": [0.75, 10.75, 1.5, 13], "texture": "#0"},
				"east": {"uv": [0, 10.75, 0.75, 13], "texture": "#0"},
				"south": {"uv": [2.25, 10.75, 3, 13], "texture": "#0"},
				"west": {"uv": [1.5, 10.75, 2.25, 13], "texture": "#0"},
				"up": {"uv": [1.5, 10.75, 0.75, 10], "texture": "#0"},
				"down": {"uv": [2.25, 10, 1.5, 10.75], "texture": "#0"}
			}
		},
		{
			"from": [6.9, 13.15, 1.9],
			"to": [9.1, 18.35, 10.1],
			"rotation": {"angle": 0, "axis": "y", "origin": [-6, 0, 5]},
			"faces": {
				"north": {"uv": [4.25, 2, 4.75, 3.25], "texture": "#0"},
				"east": {"uv": [2.25, 2, 4.25, 3.25], "texture": "#0"},
				"south": {"uv": [6.75, 2, 7.25, 3.25], "texture": "#0"},
				"west": {"uv": [4.75, 2, 6.75, 3.25], "texture": "#0"},
				"up": {"uv": [4.75, 2, 4.25, 0], "texture": "#0"},
				"down": {"uv": [5.25, 0, 4.75, 2], "texture": "#0"}
			}
		},
		{
			"from": [7, 13.75, 10],
			"to": [9, 17.75, 15],
			"rotation": {"angle": 0, "axis": "y", "origin": [-6, 0, 5]},
			"faces": {
				"north": {"uv": [10, 6.25, 10.5, 7.25], "texture": "#0"},
				"east": {"uv": [8.75, 6.25, 10, 7.25], "texture": "#0"},
				"south": {"uv": [11.75, 6.25, 12.25, 7.25], "texture": "#0"},
				"west": {"uv": [10.5, 6.25, 11.75, 7.25], "texture": "#0"},
				"up": {"uv": [10.5, 6.25, 10, 5], "texture": "#0"},
				"down": {"uv": [11, 5, 10.5, 6.25], "texture": "#0"}
			}
		},
		{
			"from": [8, 11.25, -10],
			"to": [8, 20.25, 20],
			"rotation": {"angle": 0, "axis": "y", "origin": [-6, 0, 5]},
			"faces": {
				"north": {"uv": [7.5, 7.5, 7.5, 9.75], "texture": "#0"},
				"east": {"uv": [0, 7.5, 7.5, 9.75], "texture": "#0"},
				"south": {"uv": [15, 7.5, 15, 9.75], "texture": "#0"},
				"west": {"uv": [7.5, 7.5, 15, 9.75], "texture": "#0"},
				"up": {"uv": [7.5, 7.5, 7.5, 0], "texture": "#0"},
				"down": {"uv": [7.5, 0, 7.5, 7.5], "texture": "#0"}
			}
		},
		{
			"from": [6.25, 14, 6.21194],
			"to": [9.75, 17.5, 9.71194],
			"rotation": {"angle": 0, "axis": "y", "origin": [8, 16.80866, 8.96194]},
			"faces": {
				"north": {"uv": [10.75, 0.75, 11.5, 1.5], "texture": "#0"},
				"east": {"uv": [10, 0.75, 10.75, 1.5], "texture": "#0"},
				"south": {"uv": [12.25, 0.75, 13, 1.5], "texture": "#0"},
				"west": {"uv": [11.5, 0.75, 12.25, 1.5], "texture": "#0"},
				"up": {"uv": [11.5, 0.75, 10.75, 0], "texture": "#0"},
				"down": {"uv": [12.25, 0, 11.5, 0.75], "texture": "#0"}
			}
		}
	],
	"display": {
		"thirdperson_righthand": {
			"translation": [0, 2.75, 0.75],
			"scale": [0.85, 0.85, 0.85]
		},
		"thirdperson_lefthand": {
			"translation": [0, 2.75, 0.75],
			"scale": [0.85, 0.85, 0.85]
		},
		"firstperson_righthand": {
			"translation": [4, 6.5, -1.25]
		},
		"firstperson_lefthand": {
			"translation": [4, 6.5, -1.75]
		},
		"ground": {
			"translation": [0, 9, 0],
			"scale": [0.45, 0.45, 0.45]
		},
		"gui": {
			"rotation": [-90, -60, -90],
			"translation": [-1.5, 1.25, 0],
			"scale": [0.46, 0.46, 0.46]
		},
		"fixed": {
			"rotation": [-90, -60, -90],
			"translation": [-1.75, 1.75, 0],
			"scale": [0.55, 0.55, 0.55]
		},
		"on_shelf": {
			"rotation": [0, 90, 0],
			"scale": [0.6, 0.6, 0.6]
		}
	},
	"groups": [
		{
			"name": "Scythe",
			"origin": [14, 16.80866, 4.96194],
			"color": 0,
			"children": [0, 1, 2, 3, 4, 5, 6, 7]
		}
	]
}
