{
	"credit": "Made with Blockbench",
	"ambientocclusion": false,
	"texture_size": [
		64,
		64
	],
	"textures": {
		"0": "elitemobs:items/ancientpalladiumbow",
		"particle": "elitemobs:items/ancientpalladiumbow"
	},
	"elements": [
		{
			"from": [
				7.25,
				7.25,
				-0.25
			],
			"to": [
				8.75,
				8.75,
				16.25
			],
			"faces": {
				"north": {
					"uv": [
						11.75,
						9.5,
						12,
						9.75
					],
					"texture": "#0"
				},
				"east": {
					"uv": [
						7.75,
						9.5,
						11.75,
						9.75
					],
					"texture": "#0"
				},
				"south": {
					"uv": [
						16,
						9.5,
						16.25,
						9.75
					],
					"texture": "#0"
				},
				"west": {
					"uv": [
						12,
						9.5,
						16,
						9.75
					],
					"texture": "#0"
				},
				"up": {
					"uv": [
						12,
						9.5,
						11.75,
						5.5
					],
					"texture": "#0"
				},
				"down": {
					"uv": [
						12.25,
						5.5,
						12,
						9.5
					],
					"texture": "#0"
				}
			}
		},
		{
			"from": [
				8,
				5.5,
				-3
			],
			"to": [
				8,
				10.5,
				18
			],
			"faces": {
				"north": {
					"uv": [
						5,
						13.75,
						5,
						15
					],
					"texture": "#0"
				},
				"east": {
					"uv": [
						-0.25,
						13.75,
						5,
						15
					],
					"texture": "#0"
				},
				"south": {
					"uv": [
						10.25,
						13.75,
						10.25,
						15
					],
					"texture": "#0"
				},
				"west": {
					"uv": [
						5,
						13.75,
						10.25,
						15
					],
					"texture": "#0"
				},
				"up": {
					"uv": [
						5,
						13.75,
						5,
						8.5
					],
					"texture": "#0"
				},
				"down": {
					"uv": [
						5,
						8.5,
						5,
						13.75
					],
					"texture": "#0"
				}
			}
		},
		{
			"from": [
				6.75,
				11.44344,
				2.4588
			],
			"to": [
				9.25,
				20.94344,
				4.9588
			],
			"rotation": {
				"angle": 22.5,
				"axis": "x",
				"origin": [
					8,
					11,
					4.25
				]
			},
			"faces": {
				"north": {
					"uv": [
						8.75,
						6.5,
						9.25,
						8.75
					],
					"texture": "#0"
				},
				"east": {
					"uv": [
						8.25,
						6.5,
						8.75,
						8.75
					],
					"texture": "#0"
				},
				"south": {
					"uv": [
						9.75,
						6.5,
						10.25,
						8.75
					],
					"texture": "#0"
				},
				"west": {
					"uv": [
						9.25,
						6.5,
						9.75,
						8.75
					],
					"texture": "#0"
				},
				"up": {
					"uv": [
						9.25,
						6.5,
						8.75,
						6
					],
					"texture": "#0"
				},
				"down": {
					"uv": [
						9.75,
						6,
						9.25,
						6.5
					],
					"texture": "#0"
				}
			}
		},
		{
			"from": [
				6.65,
				11.34344,
				2.3588
			],
			"to": [
				9.35,
				21.04344,
				5.0588
			],
			"rotation": {
				"angle": 22.5,
				"axis": "x",
				"origin": [
					8,
					11,
					4.25
				]
			},
			"faces": {
				"north": {
					"uv": [
						0.5,
						8,
						1,
						10.25
					],
					"texture": "#0"
				},
				"east": {
					"uv": [
						0,
						8,
						0.5,
						10.25
					],
					"texture": "#0"
				},
				"south": {
					"uv": [
						1.5,
						8,
						2,
						10.25
					],
					"texture": "#0"
				},
				"west": {
					"uv": [
						1,
						8,
						1.5,
						10.25
					],
					"texture": "#0"
				},
				"up": {
					"uv": [
						1,
						8,
						0.5,
						7.5
					],
					"texture": "#0"
				},
				"down": {
					"uv": [
						1.5,
						7.5,
						1,
						8
					],
					"texture": "#0"
				}
			}
		},
		{
			"from": [
				6.25,
				19.95178,
				4.51294
			],
			"to": [
				9.75,
				24.45178,
				9.01294
			],
			"rotation": {
				"angle": 0,
				"axis": "y",
				"origin": [
					8,
					11,
					4.25
				]
			},
			"faces": {
				"north": {
					"uv": [
						7,
						2.25,
						7.75,
						3.25
					],
					"texture": "#0"
				},
				"east": {
					"uv": [
						6,
						2.25,
						7,
						3.25
					],
					"texture": "#0"
				},
				"south": {
					"uv": [
						8.75,
						2.25,
						9.5,
						3.25
					],
					"texture": "#0"
				},
				"west": {
					"uv": [
						7.75,
						2.25,
						8.75,
						3.25
					],
					"texture": "#0"
				},
				"up": {
					"uv": [
						7.75,
						2.25,
						7,
						1.25
					],
					"texture": "#0"
				},
				"down": {
					"uv": [
						8.5,
						1.25,
						7.75,
						2.25
					],
					"texture": "#0"
				}
			}
		},
		{
			"from": [
				7,
				19.20178,
				7.76294
			],
			"to": [
				9,
				22.20178,
				10.76294
			],
			"rotation": {
				"angle": 0,
				"axis": "y",
				"origin": [
					8,
					11,
					4.25
				]
			},
			"faces": {
				"north": {
					"uv": [
						9.5,
						0.75,
						10,
						1.5
					],
					"texture": "#0"
				},
				"east": {
					"uv": [
						8.75,
						0.75,
						9.5,
						1.5
					],
					"texture": "#0"
				},
				"south": {
					"uv": [
						10.75,
						0.75,
						11.25,
						1.5
					],
					"texture": "#0"
				},
				"west": {
					"uv": [
						10,
						0.75,
						10.75,
						1.5
					],
					"texture": "#0"
				},
				"up": {
					"uv": [
						10,
						0.75,
						9.5,
						0
					],
					"texture": "#0"
				},
				"down": {
					"uv": [
						10.5,
						0,
						10,
						0.75
					],
					"texture": "#0"
				}
			}
		},
		{
			"from": [
				8,
				12.20178,
				0.76294
			],
			"to": [
				8,
				24.20178,
				13.76294
			],
			"rotation": {
				"angle": 0,
				"axis": "y",
				"origin": [
					8,
					11,
					4.25
				]
			},
			"faces": {
				"north": {
					"uv": [
						3.25,
						10.25,
						3.25,
						13.25
					],
					"texture": "#0"
				},
				"east": {
					"uv": [
						0,
						10.25,
						3.25,
						13.25
					],
					"texture": "#0"
				},
				"south": {
					"uv": [
						6.5,
						10.25,
						6.5,
						13.25
					],
					"texture": "#0"
				},
				"west": {
					"uv": [
						3.25,
						10.25,
						6.5,
						13.25
					],
					"texture": "#0"
				},
				"up": {
					"uv": [
						3.25,
						10.25,
						3.25,
						7
					],
					"texture": "#0"
				},
				"down": {
					"uv": [
						3.25,
						7,
						3.25,
						10.25
					],
					"texture": "#0"
				}
			}
		},
		{
			"from": [
				8,
				-8.20178,
				0.76294
			],
			"to": [
				8,
				3.79822,
				13.76294
			],
			"rotation": {
				"angle": 0,
				"axis": "y",
				"origin": [
					8,
					-6.20178,
					7.76294
				]
			},
			"faces": {
				"north": {
					"uv": [
						10,
						10.25,
						10,
						13.25
					],
					"texture": "#0"
				},
				"east": {
					"uv": [
						6.75,
						10.25,
						10,
						13.25
					],
					"texture": "#0"
				},
				"south": {
					"uv": [
						13.25,
						10.25,
						13.25,
						13.25
					],
					"texture": "#0"
				},
				"west": {
					"uv": [
						10,
						10.25,
						13.25,
						13.25
					],
					"texture": "#0"
				},
				"up": {
					"uv": [
						10,
						10.25,
						10,
						7
					],
					"texture": "#0"
				},
				"down": {
					"uv": [
						10,
						7,
						10,
						10.25
					],
					"texture": "#0"
				}
			}
		},
		{
			"from": [
				8,
				5.20178,
				8.76294
			],
			"to": [
				8,
				20.20178,
				9.76294
			],
			"rotation": {
				"angle": -22.5,
				"axis": "x",
				"origin": [
					8,
					20.70178,
					9.26294
				]
			},
			"faces": {
				"north": {
					"uv": [
						11.25,
						2,
						11.25,
						5.75
					],
					"texture": "#0"
				},
				"east": {
					"uv": [
						11,
						2,
						11.25,
						5.75
					],
					"texture": "#0"
				},
				"south": {
					"uv": [
						11.5,
						2,
						11.5,
						5.75
					],
					"texture": "#0"
				},
				"west": {
					"uv": [
						11.25,
						2,
						11.5,
						5.75
					],
					"texture": "#0"
				},
				"up": {
					"uv": [
						11.25,
						2,
						11.25,
						1.75
					],
					"texture": "#0"
				},
				"down": {
					"uv": [
						11.25,
						1.75,
						11.25,
						2
					],
					"texture": "#0"
				}
			}
		},
		{
			"from": [
				8,
				-4.20178,
				8.76294
			],
			"to": [
				8,
				10.79822,
				9.76294
			],
			"rotation": {
				"angle": 22.5,
				"axis": "x",
				"origin": [
					8,
					-4.70178,
					9.26294
				]
			},
			"faces": {
				"north": {
					"uv": [
						10.5,
						2,
						10.5,
						5.75
					],
					"texture": "#0"
				},
				"east": {
					"uv": [
						10.25,
						2,
						10.5,
						5.75
					],
					"texture": "#0"
				},
				"south": {
					"uv": [
						10.75,
						2,
						10.75,
						5.75
					],
					"texture": "#0"
				},
				"west": {
					"uv": [
						10.5,
						2,
						10.75,
						5.75
					],
					"texture": "#0"
				},
				"up": {
					"uv": [
						10.5,
						2,
						10.5,
						1.75
					],
					"texture": "#0"
				},
				"down": {
					"uv": [
						10.5,
						1.75,
						10.5,
						2
					],
					"texture": "#0"
				}
			}
		},
		{
			"from": [
				6.25,
				-8.45178,
				4.51294
			],
			"to": [
				9.75,
				-3.95178,
				9.01294
			],
			"rotation": {
				"angle": 0,
				"axis": "y",
				"origin": [
					8,
					-6.20178,
					7.76294
				]
			},
			"faces": {
				"north": {
					"uv": [
						1,
						6.25,
						1.75,
						7.25
					],
					"texture": "#0"
				},
				"east": {
					"uv": [
						0,
						6.25,
						1,
						7.25
					],
					"texture": "#0"
				},
				"south": {
					"uv": [
						2.75,
						6.25,
						3.5,
						7.25
					],
					"texture": "#0"
				},
				"west": {
					"uv": [
						1.75,
						6.25,
						2.75,
						7.25
					],
					"texture": "#0"
				},
				"up": {
					"uv": [
						1.75,
						6.25,
						1,
						5.25
					],
					"texture": "#0"
				},
				"down": {
					"uv": [
						2.5,
						5.25,
						1.75,
						6.25
					],
					"texture": "#0"
				}
			}
		},
		{
			"from": [
				6.15,
				-8.55178,
				4.41294
			],
			"to": [
				9.85,
				-3.85178,
				9.11294
			],
			"rotation": {
				"angle": 0,
				"axis": "y",
				"origin": [
					8,
					-6.20178,
					7.76294
				]
			},
			"faces": {
				"north": {
					"uv": [
						5.75,
						5.25,
						6.5,
						6.25
					],
					"texture": "#0"
				},
				"east": {
					"uv": [
						4.75,
						5.25,
						5.75,
						6.25
					],
					"texture": "#0"
				},
				"south": {
					"uv": [
						7.5,
						5.25,
						8.25,
						6.25
					],
					"texture": "#0"
				},
				"west": {
					"uv": [
						6.5,
						5.25,
						7.5,
						6.25
					],
					"texture": "#0"
				},
				"up": {
					"uv": [
						6.5,
						5.25,
						5.75,
						4.25
					],
					"texture": "#0"
				},
				"down": {
					"uv": [
						7.25,
						4.25,
						6.5,
						5.25
					],
					"texture": "#0"
				}
			}
		},
		{
			"from": [
				6.15,
				19.85178,
				4.41294
			],
			"to": [
				9.85,
				24.55178,
				9.11294
			],
			"rotation": {
				"angle": 0,
				"axis": "y",
				"origin": [
					8,
					11,
					4.25
				]
			},
			"faces": {
				"north": {
					"uv": [
						4.25,
						1,
						5,
						2
					],
					"texture": "#0"
				},
				"east": {
					"uv": [
						3.25,
						1,
						4.25,
						2
					],
					"texture": "#0"
				},
				"south": {
					"uv": [
						6,
						1,
						6.75,
						2
					],
					"texture": "#0"
				},
				"west": {
					"uv": [
						5,
						1,
						6,
						2
					],
					"texture": "#0"
				},
				"up": {
					"uv": [
						5,
						1,
						4.25,
						0
					],
					"texture": "#0"
				},
				"down": {
					"uv": [
						5.75,
						0,
						5,
						1
					],
					"texture": "#0"
				}
			}
		},
		{
			"from": [
				7,
				-6.20178,
				7.76294
			],
			"to": [
				9,
				-3.20178,
				10.76294
			],
			"rotation": {
				"angle": 0,
				"axis": "y",
				"origin": [
					8,
					-6.20178,
					7.76294
				]
			},
			"faces": {
				"north": {
					"uv": [
						8.25,
						4.25,
						8.75,
						5
					],
					"texture": "#0"
				},
				"east": {
					"uv": [
						7.5,
						4.25,
						8.25,
						5
					],
					"texture": "#0"
				},
				"south": {
					"uv": [
						9.5,
						4.25,
						10,
						5
					],
					"texture": "#0"
				},
				"west": {
					"uv": [
						8.75,
						4.25,
						9.5,
						5
					],
					"texture": "#0"
				},
				"up": {
					"uv": [
						8.75,
						4.25,
						8.25,
						3.5
					],
					"texture": "#0"
				},
				"down": {
					"uv": [
						9.25,
						3.5,
						8.75,
						4.25
					],
					"texture": "#0"
				}
			}
		},
		{
			"from": [
				6.65,
				-5.35,
				1.9
			],
			"to": [
				9.35,
				4.35,
				4.6
			],
			"rotation": {
				"angle": -22.5,
				"axis": "x",
				"origin": [
					8,
					6,
					3.25
				]
			},
			"faces": {
				"north": {
					"uv": [
						6.5,
						7,
						7,
						9.25
					],
					"texture": "#0"
				},
				"east": {
					"uv": [
						6,
						7,
						6.5,
						9.25
					],
					"texture": "#0"
				},
				"south": {
					"uv": [
						7.5,
						7,
						8,
						9.25
					],
					"texture": "#0"
				},
				"west": {
					"uv": [
						7,
						7,
						7.5,
						9.25
					],
					"texture": "#0"
				},
				"up": {
					"uv": [
						7,
						7,
						6.5,
						6.5
					],
					"texture": "#0"
				},
				"down": {
					"uv": [
						7.5,
						6.5,
						7,
						7
					],
					"texture": "#0"
				}
			}
		},
		{
			"from": [
				6.75,
				-5.25,
				2
			],
			"to": [
				9.25,
				4.25,
				4.5
			],
			"rotation": {
				"angle": -22.5,
				"axis": "x",
				"origin": [
					8,
					6,
					3.25
				]
			},
			"faces": {
				"north": {
					"uv": [
						4.25,
						7,
						4.75,
						9.25
					],
					"texture": "#0"
				},
				"east": {
					"uv": [
						3.75,
						7,
						4.25,
						9.25
					],
					"texture": "#0"
				},
				"south": {
					"uv": [
						5.25,
						7,
						5.75,
						9.25
					],
					"texture": "#0"
				},
				"west": {
					"uv": [
						4.75,
						7,
						5.25,
						9.25
					],
					"texture": "#0"
				},
				"up": {
					"uv": [
						4.75,
						7,
						4.25,
						6.5
					],
					"texture": "#0"
				},
				"down": {
					"uv": [
						5.25,
						6.5,
						4.75,
						7
					],
					"texture": "#0"
				}
			}
		},
		{
			"from": [
				6.5,
				4,
				2.5
			],
			"to": [
				9.5,
				12,
				5.5
			],
			"rotation": {
				"angle": 0,
				"axis": "y",
				"origin": [
					-6,
					0,
					2
				]
			},
			"faces": {
				"north": {
					"uv": [
						3.25,
						3,
						4,
						5
					],
					"texture": "#0"
				},
				"east": {
					"uv": [
						2.5,
						3,
						3.25,
						5
					],
					"texture": "#0"
				},
				"south": {
					"uv": [
						4.75,
						3,
						5.5,
						5
					],
					"texture": "#0"
				},
				"west": {
					"uv": [
						4,
						3,
						4.75,
						5
					],
					"texture": "#0"
				},
				"up": {
					"uv": [
						4,
						3,
						3.25,
						2.25
					],
					"texture": "#0"
				},
				"down": {
					"uv": [
						4.75,
						2.25,
						4,
						3
					],
					"texture": "#0"
				}
			}
		},
		{
			"from": [
				6.25,
				3.75,
				2.25
			],
			"to": [
				9.75,
				12.25,
				5.75
			],
			"rotation": {
				"angle": 0,
				"axis": "y",
				"origin": [
					-6,
					0,
					2
				]
			},
			"faces": {
				"north": {
					"uv": [
						0.75,
						0.75,
						1.5,
						2.75
					],
					"texture": "#0"
				},
				"east": {
					"uv": [
						0,
						0.75,
						0.75,
						2.75
					],
					"texture": "#0"
				},
				"south": {
					"uv": [
						2.25,
						0.75,
						3,
						2.75
					],
					"texture": "#0"
				},
				"west": {
					"uv": [
						1.5,
						0.75,
						2.25,
						2.75
					],
					"texture": "#0"
				},
				"up": {
					"uv": [
						1.5,
						0.75,
						0.75,
						0
					],
					"texture": "#0"
				},
				"down": {
					"uv": [
						2.25,
						0,
						1.5,
						0.75
					],
					"texture": "#0"
				}
			}
		}
	],
	"display": {
		"thirdperson_righthand": {
			"translation": [
				0,
				-1.75,
				4.75
			]
		},
		"thirdperson_lefthand": {
			"translation": [
				0,
				-1.75,
				4.75
			]
		},
		"firstperson_righthand": {
			"rotation": [
				6.48,
				19.77,
				3.53
			],
			"translation": [
				4.75,
				8.25,
				-4.25
			]
		},
		"firstperson_lefthand": {
			"translation": [
				5.25,
				4.75,
				-1
			]
		},
		"ground": {
			"translation": [
				0,
				3.75,
				0
			],
			"scale": [
				0.55,
				0.55,
				0.55
			]
		},
		"gui": {
			"rotation": [
				90,
				45,
				90
			],
			"scale": [
				0.54,
				0.54,
				0.54
			]
		},
		"fixed": {
			"rotation": [
				0,
				-90,
				0
			],
			"translation": [
				0,
				0,
				-0.5
			],
			"scale": [
				0.6,
				0.6,
				0.6
			]
		}
	},
	"groups": [
		{
			"name": "Bow",
			"origin": [
				0,
				0,
				-6
			],
			"color": 0,
			"children": [
				{
					"name": "arrow",
					"origin": [
						0,
						0,
						0
					],
					"color": 0,
					"children": [
						0,
						1
					]
				},
				2,
				3,
				4,
				5,
				6,
				7,
				{
					"name": "StringUp",
					"origin": [
						8,
						12.70178,
						9.26294
					],
					"color": 0,
					"children": [
						8
					]
				},
				{
					"name": "StringDown",
					"origin": [
						8,
						3.29822,
						9.26294
					],
					"color": 0,
					"children": [
						9
					]
				},
				10,
				11,
				12,
				13,
				14,
				15,
				16,
				17
			]
		}
	]
}