{
	"credit": "Made with Blockbench",
	"ambientocclusion": false,
	"texture_size": [128, 128],
	"textures": {
		"0": "elitemobs:items/ancientpalladiumhelmet",
		"particle": "elitemobs:items/ancientpalladiumhelmet"
	},
	"elements": [
		{
			"from": [3, 11.5, 3],
			"to": [13, 21.5, 13],
			"rotation": {"angle": 0, "axis": "y", "origin": [8, 0, 8]},
			"faces": {
				"north": {"uv": [5.125, 6, 6.375, 7.25], "texture": "#0"},
				"east": {"uv": [3.875, 6, 5.125, 7.25], "texture": "#0"},
				"south": {"uv": [7.625, 6, 8.875, 7.25], "texture": "#0"},
				"west": {"uv": [6.375, 6, 7.625, 7.25], "texture": "#0"},
				"up": {"uv": [6.375, 6, 5.125, 4.75], "texture": "#0"},
				"down": {"uv": [7.625, 4.75, 6.375, 6], "texture": "#0"}
			}
		},
		{
			"from": [6, 14.25, 5.75],
			"to": [10, 23.25, 14.75],
			"rotation": {"angle": 0, "axis": "y", "origin": [8, 0, 8]},
			"faces": {
				"north": {"uv": [9, 7.375, 9.5, 8.5], "texture": "#0"},
				"east": {"uv": [7.875, 7.375, 9, 8.5], "texture": "#0"},
				"south": {"uv": [10.625, 7.375, 11.125, 8.5], "texture": "#0"},
				"west": {"uv": [9.5, 7.375, 10.625, 8.5], "texture": "#0"},
				"up": {"uv": [9.5, 7.375, 9, 6.25], "texture": "#0"},
				"down": {"uv": [10, 6.25, 9.5, 7.375], "texture": "#0"}
			}
		},
		{
			"from": [8, 9.25, 8.75],
			"to": [8, 26.25, 21.75],
			"rotation": {"angle": 0, "axis": "y", "origin": [8, 0, 8]},
			"faces": {
				"north": {"uv": [7.5, 1.625, 7.5, 3.75], "texture": "#0"},
				"east": {"uv": [5.875, 1.625, 7.5, 3.75], "texture": "#0"},
				"south": {"uv": [9.125, 1.625, 9.125, 3.75], "texture": "#0"},
				"west": {"uv": [7.5, 1.625, 9.125, 3.75], "texture": "#0"},
				"up": {"uv": [7.5, 1.625, 7.5, 0], "texture": "#0"},
				"down": {"uv": [7.5, 0, 7.5, 1.625], "texture": "#0"}
			}
		},
		{
			"from": [5.5, 16.25, 6.25],
			"to": [10.5, 21.25, 16.25],
			"rotation": {"angle": -45, "axis": "x", "origin": [8, 18.75, 10.25]},
			"faces": {
				"north": {"uv": [9, 5.125, 9.625, 5.75], "texture": "#0"},
				"east": {"uv": [7.75, 5.125, 9, 5.75], "texture": "#0"},
				"south": {"uv": [10.875, 5.125, 11.5, 5.75], "texture": "#0"},
				"west": {"uv": [9.625, 5.125, 10.875, 5.75], "texture": "#0"},
				"up": {"uv": [9.625, 5.125, 9, 3.875], "texture": "#0"},
				"down": {"uv": [10.25, 3.875, 9.625, 5.125], "texture": "#0"}
			}
		},
		{
			"from": [5.25, 16, 6],
			"to": [10.75, 21.5, 16.5],
			"rotation": {"angle": -45, "axis": "x", "origin": [8, 18.75, 10.25]},
			"faces": {
				"north": {"uv": [6.375, 8.625, 7, 9.25], "texture": "#0"},
				"east": {"uv": [5.125, 8.625, 6.375, 9.25], "texture": "#0"},
				"south": {"uv": [8.25, 8.625, 8.875, 9.25], "texture": "#0"},
				"west": {"uv": [7, 8.625, 8.25, 9.25], "texture": "#0"},
				"up": {"uv": [7, 8.625, 6.375, 7.375], "texture": "#0"},
				"down": {"uv": [7.625, 7.375, 7, 8.625], "texture": "#0"}
			}
		},
		{
			"from": [2, 13.5, 0],
			"to": [14, 19.5, 8],
			"rotation": {"angle": 45, "axis": "x", "origin": [8.5, 17, 7]},
			"faces": {
				"north": {"uv": [1, 8.375, 2.5, 9.125], "texture": "#0"},
				"east": {"uv": [0, 8.375, 1, 9.125], "texture": "#0"},
				"south": {"uv": [3.5, 8.375, 5, 9.125], "texture": "#0"},
				"west": {"uv": [2.5, 8.375, 3.5, 9.125], "texture": "#0"},
				"up": {"uv": [2.5, 8.375, 1, 7.375], "texture": "#0"},
				"down": {"uv": [4, 7.375, 2.5, 8.375], "texture": "#0"}
			}
		},
		{
			"from": [1.25, 14.5, 5.75],
			"to": [14.75, 18, 9.25],
			"rotation": {"angle": 0, "axis": "y", "origin": [8.5, 17, 7]},
			"faces": {
				"north": {"uv": [8, 0.375, 9.625, 0.75], "texture": "#0"},
				"east": {"uv": [7.625, 0.375, 8, 0.75], "texture": "#0"},
				"south": {"uv": [10, 0.375, 11.625, 0.75], "texture": "#0"},
				"west": {"uv": [9.625, 0.375, 10, 0.75], "texture": "#0"},
				"up": {"uv": [9.625, 0.375, 8, 0], "texture": "#0"},
				"down": {"uv": [11.25, 0, 9.625, 0.375], "texture": "#0"}
			}
		},
		{
			"from": [2.75, 10.25, 2.75],
			"to": [13.25, 21.75, 13.25],
			"rotation": {"angle": 0, "axis": "y", "origin": [8, 0, 8]},
			"faces": {
				"north": {"uv": [1.25, 4.5, 2.5, 5.875], "texture": "#0"},
				"east": {"uv": [0, 4.5, 1.25, 5.875], "texture": "#0"},
				"south": {"uv": [3.75, 4.5, 5, 5.875], "texture": "#0"},
				"west": {"uv": [2.5, 4.5, 3.75, 5.875], "texture": "#0"},
				"up": {"uv": [2.5, 4.5, 1.25, 3.25], "texture": "#0"},
				"down": {"uv": [3.75, 3.25, 2.5, 4.5], "texture": "#0"}
			}
		},
		{
			"from": [2.65, 9.15, 2.65],
			"to": [13.35, 21.85, 16.35],
			"rotation": {"angle": 0, "axis": "y", "origin": [8, 0, 8]},
			"faces": {
				"north": {"uv": [1.625, 1.625, 2.875, 3.125], "texture": "#0"},
				"east": {"uv": [0, 1.625, 1.625, 3.125], "texture": "#0"},
				"south": {"uv": [4.5, 1.625, 5.75, 3.125], "texture": "#0"},
				"west": {"uv": [2.875, 1.625, 4.5, 3.125], "texture": "#0"},
				"up": {"uv": [2.875, 1.625, 1.625, 0], "texture": "#0"},
				"down": {"uv": [4.125, 0, 2.875, 1.625], "texture": "#0"}
			}
		}
	],
	"display": {
		"thirdperson_righthand": {
			"rotation": [161.95, 50.65, -149.74],
			"translation": [-0.75, -3, -1.75],
			"scale": [0.65, 0.65, 0.65]
		},
		"thirdperson_lefthand": {
			"rotation": [153.79, 28.27, -167.17],
			"translation": [0.25, -4.25, -1],
			"scale": [0.65, 0.65, 0.65]
		},
		"firstperson_righthand": {
			"rotation": [-180, 60.75, -180],
			"scale": [0.65, 0.65, 0.65]
		},
		"firstperson_lefthand": {
			"rotation": [-180, 44.25, -180],
			"scale": [0.65, 0.65, 0.65]
		},
		"gui": {
			"rotation": [-180, 0, -180],
			"translation": [0, -9.5, 0]
		},
		"head": {
			"translation": [0, -12, 0.5],
			"scale": [1.5, 1.5, 1.5]
		},
		"fixed": {
			"translation": [0, -8.75, 0]
		},
		"on_shelf": {
			"rotation": [0, -180, 0],
			"translation": [0, -1, 0]
		}
	},
	"groups": [
		{
			"name": "Helmet",
			"origin": [0, 0, 0],
			"color": 0,
			"children": [0, 1, 2, 3, 4, 5, 6, 7, 8]
		}
	]
}
