{
	"credit": "Made with Blockbench",
	"ambientocclusion": false,
	"texture_size": [64, 64],
	"textures": {
		"0": "elitemobs:items/ancientpalladiumsword",
		"particle": "elitemobs:items/ancientpalladiumsword"
	},
	"elements": [
		{
			"from": [7, 4, 6],
			"to": [9, 11, 8],
			"rotation": {"angle": 0, "axis": "y", "origin": [14, 11.5, 3]},
			"faces": {
				"north": {"uv": [0.5, 0.5, 1, 2.25], "texture": "#0"},
				"east": {"uv": [0, 0.5, 0.5, 2.25], "texture": "#0"},
				"south": {"uv": [1.5, 0.5, 2, 2.25], "texture": "#0"},
				"west": {"uv": [1, 0.5, 1.5, 2.25], "texture": "#0"},
				"up": {"uv": [1, 0.5, 0.5, 0], "texture": "#0"},
				"down": {"uv": [1.5, 0, 1, 0.5], "texture": "#0"}
			}
		},
		{
			"from": [6.75, 2.75, 5.75],
			"to": [9.25, 6.25, 8.25],
			"rotation": {"angle": 0, "axis": "y", "origin": [14, 11.5, 3]},
			"faces": {
				"north": {"uv": [3.25, 0.5, 3.75, 1.25], "texture": "#0"},
				"east": {"uv": [2.75, 0.5, 3.25, 1.25], "texture": "#0"},
				"south": {"uv": [4.25, 0.5, 4.75, 1.25], "texture": "#0"},
				"west": {"uv": [3.75, 0.5, 4.25, 1.25], "texture": "#0"},
				"up": {"uv": [3.75, 0.5, 3.25, 0], "texture": "#0"},
				"down": {"uv": [4.25, 0, 3.75, 0.5], "texture": "#0"}
			}
		},
		{
			"from": [6.75, 8.75, 5.25],
			"to": [9.25, 12.25, 8.75],
			"rotation": {"angle": 0, "axis": "y", "origin": [14, 11.5, 3]},
			"faces": {
				"north": {"uv": [8.5, 8, 9, 8.75], "texture": "#0"},
				"east": {"uv": [7.75, 8, 8.5, 8.75], "texture": "#0"},
				"south": {"uv": [9.75, 8, 10.25, 8.75], "texture": "#0"},
				"west": {"uv": [9, 8, 9.75, 8.75], "texture": "#0"},
				"up": {"uv": [9, 8, 8.5, 7.25], "texture": "#0"},
				"down": {"uv": [9.5, 7.25, 9, 8], "texture": "#0"}
			}
		},
		{
			"from": [6.5, 9.5, 3.5],
			"to": [9.5, 11.5, 6.5],
			"rotation": {"angle": 0, "axis": "y", "origin": [14, 11.5, 3]},
			"faces": {
				"north": {"uv": [6, 7.25, 6.75, 7.75], "texture": "#0"},
				"east": {"uv": [5.25, 7.25, 6, 7.75], "texture": "#0"},
				"south": {"uv": [7.5, 7.25, 8.25, 7.75], "texture": "#0"},
				"west": {"uv": [6.75, 7.25, 7.5, 7.75], "texture": "#0"},
				"up": {"uv": [6.75, 7.25, 6, 6.5], "texture": "#0"},
				"down": {"uv": [7.5, 6.5, 6.75, 7.25], "texture": "#0"}
			}
		},
		{
			"from": [6.5, 9.5, 7.5],
			"to": [9.5, 11.5, 10.5],
			"rotation": {"angle": 0, "axis": "y", "origin": [14, 11.5, 3]},
			"faces": {
				"north": {"uv": [6, 5.75, 6.75, 6.25], "texture": "#0"},
				"east": {"uv": [5.25, 5.75, 6, 6.25], "texture": "#0"},
				"south": {"uv": [7.5, 5.75, 8.25, 6.25], "texture": "#0"},
				"west": {"uv": [6.75, 5.75, 7.5, 6.25], "texture": "#0"},
				"up": {"uv": [6.75, 5.75, 6, 5], "texture": "#0"},
				"down": {"uv": [7.5, 5, 6.75, 5.75], "texture": "#0"}
			}
		},
		{
			"from": [7.4, 10.9, 4.9],
			"to": [8.6, 26.1, 9.1],
			"rotation": {"angle": 0, "axis": "y", "origin": [14, 11.5, 3]},
			"faces": {
				"north": {"uv": [6.25, 1, 6.5, 4.75], "texture": "#0"},
				"east": {"uv": [5.25, 1, 6.25, 4.75], "texture": "#0"},
				"south": {"uv": [7.5, 1, 7.75, 4.75], "texture": "#0"},
				"west": {"uv": [6.5, 1, 7.5, 4.75], "texture": "#0"},
				"up": {"uv": [6.5, 1, 6.25, 0], "texture": "#0"},
				"down": {"uv": [6.75, 0, 6.5, 1], "texture": "#0"}
			}
		},
		{
			"from": [8, 1, 2],
			"to": [8, 32, 12],
			"rotation": {"angle": 0, "axis": "y", "origin": [14, 11.5, 3]},
			"faces": {
				"north": {"uv": [2.5, 3.5, 2.5, 11.25], "texture": "#0"},
				"east": {"uv": [0, 3.5, 2.5, 11.25], "texture": "#0"},
				"south": {"uv": [5, 3.5, 5, 11.25], "texture": "#0"},
				"west": {"uv": [2.5, 3.5, 5, 11.25], "texture": "#0"},
				"up": {"uv": [2.5, 3.5, 2.5, 1], "texture": "#0"},
				"down": {"uv": [2.5, 1, 2.5, 3.5], "texture": "#0"}
			}
		},
		{
			"from": [6.3, 9.3, 5.8],
			"to": [9.7, 11.7, 8.2],
			"rotation": {"angle": 0, "axis": "y", "origin": [14, 11.5, 3]},
			"faces": {
				"north": {"uv": [8.25, 5, 9, 5.5], "texture": "#0"},
				"east": {"uv": [7.75, 5, 8.25, 5.5], "texture": "#0"},
				"south": {"uv": [9.5, 5, 10.25, 5.5], "texture": "#0"},
				"west": {"uv": [9, 5, 9.5, 5.5], "texture": "#0"},
				"up": {"uv": [9, 5, 8.25, 4.5], "texture": "#0"},
				"down": {"uv": [9.75, 4.5, 9, 5], "texture": "#0"}
			}
		}
	],
	"display": {
		"thirdperson_righthand": {
			"translation": [0, 0, 1.5]
		},
		"thirdperson_lefthand": {
			"translation": [0, 0, 1.5]
		},
		"firstperson_righthand": {
			"translation": [3, 0, 0]
		},
		"firstperson_lefthand": {
			"translation": [3, 0, 0]
		},
		"ground": {
			"translation": [0, 1.25, 0],
			"scale": [0.65, 0.65, 0.65]
		},
		"gui": {
			"rotation": [90, 45, -90],
			"translation": [-3, -4.25, 0],
			"scale": [0.6, 0.6, 0.6]
		},
		"fixed": {
			"rotation": [90, 45, -90],
			"translation": [-4.75, -5.75, 0],
			"scale": [0.8, 0.8, 0.8]
		},
		"on_shelf": {
			"rotation": [0, 90, 0],
			"translation": [1, 0, 0],
			"scale": [0.7, 0.7, 0.7]
		}
	},
	"groups": [
		{
			"name": "Sword",
			"origin": [0, 0, 0],
			"color": 0,
			"children": [0, 1, 2, 3, 4, 5, 6, 7]
		}
	]
}
