{
	"credit": "Made with Blockbench",
	"ambientocclusion": false,
	"texture_size": [128, 128],
	"textures": {
		"0": "elitemobs:items/ultimatiumcrossbow",
		"particle": "elitemobs:items/ultimatiumcrossbow"
	},
	"elements": [
		{
			"from": [5.5, 9, -1],
			"to": [10.5, 12, 17],
			"rotation": {"angle": 0, "axis": "y", "origin": [8, 7.73223, 8.42179]},
			"faces": {
				"north": {"uv": [2.25, 5, 2.875, 5.375], "texture": "#0"},
				"east": {"uv": [0, 5, 2.25, 5.375], "texture": "#0"},
				"south": {"uv": [5.125, 5, 5.75, 5.375], "texture": "#0"},
				"west": {"uv": [2.875, 5, 5.125, 5.375], "texture": "#0"},
				"up": {"uv": [2.875, 5, 2.25, 2.75], "texture": "#0"},
				"down": {"uv": [3.5, 2.75, 2.875, 5], "texture": "#0"}
			}
		},
		{
			"from": [5.25, 8.75, -1.25],
			"to": [10.75, 12.25, 17.25],
			"rotation": {"angle": 0, "axis": "y", "origin": [8, 7.73223, 8.42179]},
			"faces": {
				"north": {"uv": [2.25, 2.25, 2.875, 2.625], "texture": "#0"},
				"east": {"uv": [0, 2.25, 2.25, 2.625], "texture": "#0"},
				"south": {"uv": [5.125, 2.25, 5.75, 2.625], "texture": "#0"},
				"west": {"uv": [2.875, 2.25, 5.125, 2.625], "texture": "#0"},
				"up": {"uv": [2.875, 2.25, 2.25, 0], "texture": "#0"},
				"down": {"uv": [3.5, 0, 2.875, 2.25], "texture": "#0"}
			}
		},
		{
			"from": [6.5, 7.5, -1],
			"to": [9.5, 9.5, 16],
			"rotation": {"angle": 0, "axis": "y", "origin": [8, 7.73223, 8.42179]},
			"faces": {
				"north": {"uv": [5.875, 2.75, 6.25, 3], "texture": "#0"},
				"east": {"uv": [3.75, 2.75, 5.875, 3], "texture": "#0"},
				"south": {"uv": [8.375, 2.75, 8.75, 3], "texture": "#0"},
				"west": {"uv": [6.25, 2.75, 8.375, 3], "texture": "#0"},
				"up": {"uv": [6.25, 2.75, 5.875, 0.625], "texture": "#0"},
				"down": {"uv": [6.625, 0.625, 6.25, 2.75], "texture": "#0"}
			}
		},
		{
			"from": [6.25, 5.25, -2.25],
			"to": [9.75, 9.75, 9.25],
			"rotation": {"angle": 0, "axis": "y", "origin": [8, 7.73223, 8.42179]},
			"faces": {
				"north": {"uv": [5.875, 5.5, 6.25, 6], "texture": "#0"},
				"east": {"uv": [4.5, 5.5, 5.875, 6], "texture": "#0"},
				"south": {"uv": [7.625, 5.5, 8, 6], "texture": "#0"},
				"west": {"uv": [6.25, 5.5, 7.625, 6], "texture": "#0"},
				"up": {"uv": [6.25, 5.5, 5.875, 4.125], "texture": "#0"},
				"down": {"uv": [6.625, 4.125, 6.25, 5.5], "texture": "#0"}
			}
		},
		{
			"from": [6.75, 8.25, 15.75],
			"to": [9.25, 10.75, 19.25],
			"rotation": {"angle": 0, "axis": "y", "origin": [8, 7.73223, 8.42179]},
			"faces": {
				"north": {"uv": [7.125, 4.25, 7.375, 4.5], "texture": "#0"},
				"east": {"uv": [6.75, 4.25, 7.125, 4.5], "texture": "#0"},
				"south": {"uv": [7.75, 4.25, 8, 4.5], "texture": "#0"},
				"west": {"uv": [7.375, 4.25, 7.75, 4.5], "texture": "#0"},
				"up": {"uv": [7.375, 4.25, 7.125, 3.875], "texture": "#0"},
				"down": {"uv": [7.625, 3.875, 7.375, 4.25], "texture": "#0"}
			}
		},
		{
			"from": [7, 8.5, 16.5],
			"to": [9, 10.5, 19.5],
			"rotation": {"angle": 0, "axis": "y", "origin": [8, 7.73223, 8.42179]},
			"faces": {
				"north": {"uv": [7.125, 2.375, 7.375, 2.625], "texture": "#0"},
				"east": {"uv": [6.75, 2.375, 7.125, 2.625], "texture": "#0"},
				"south": {"uv": [7.75, 2.375, 8, 2.625], "texture": "#0"},
				"west": {"uv": [7.375, 2.375, 7.75, 2.625], "texture": "#0"},
				"up": {"uv": [7.375, 2.375, 7.125, 2], "texture": "#0"},
				"down": {"uv": [7.625, 2, 7.375, 2.375], "texture": "#0"}
			}
		},
		{
			"from": [6.25, 9.70175, 8.30552],
			"to": [9.75, 13.20175, 15.80552],
			"rotation": {"angle": 45, "axis": "x", "origin": [8, 7.73223, 8.42179]},
			"faces": {
				"north": {"uv": [0.875, 6.375, 1.25, 6.75], "texture": "#0"},
				"east": {"uv": [0, 6.375, 0.875, 6.75], "texture": "#0"},
				"south": {"uv": [2.125, 6.375, 2.5, 6.75], "texture": "#0"},
				"west": {"uv": [1.25, 6.375, 2.125, 6.75], "texture": "#0"},
				"up": {"uv": [1.25, 6.375, 0.875, 5.5], "texture": "#0"},
				"down": {"uv": [1.625, 5.5, 1.25, 6.375], "texture": "#0"}
			}
		},
		{
			"from": [6, 9.45175, 14.55552],
			"to": [10, 13.45175, 17.55552],
			"rotation": {"angle": 45, "axis": "x", "origin": [8, 7.73223, 8.42179]},
			"faces": {
				"north": {"uv": [7.125, 1.375, 7.625, 1.875], "texture": "#0"},
				"east": {"uv": [6.75, 1.375, 7.125, 1.875], "texture": "#0"},
				"south": {"uv": [8, 1.375, 8.5, 1.875], "texture": "#0"},
				"west": {"uv": [7.625, 1.375, 8, 1.875], "texture": "#0"},
				"up": {"uv": [7.625, 1.375, 7.125, 1], "texture": "#0"},
				"down": {"uv": [8.125, 1, 7.625, 1.375], "texture": "#0"}
			}
		},
		{
			"from": [7, 6, 8],
			"to": [9, 9, 13],
			"rotation": {"angle": 0, "axis": "y", "origin": [8, 7.73223, 8.42179]},
			"faces": {
				"north": {"uv": [4.25, 4.5, 4.5, 4.875], "texture": "#0"},
				"east": {"uv": [3.625, 4.5, 4.25, 4.875], "texture": "#0"},
				"south": {"uv": [5.125, 4.5, 5.375, 4.875], "texture": "#0"},
				"west": {"uv": [4.5, 4.5, 5.125, 4.875], "texture": "#0"},
				"up": {"uv": [4.5, 4.5, 4.25, 3.875], "texture": "#0"},
				"down": {"uv": [4.75, 3.875, 4.5, 4.5], "texture": "#0"}
			}
		},
		{
			"from": [5.5, 9.82085, -1.33781],
			"to": [10.5, 15.82085, 1.66219],
			"rotation": {"angle": -22.5, "axis": "x", "origin": [8, 7.73223, 8.42179]},
			"faces": {
				"north": {"uv": [0.375, 0.375, 1, 1.125], "texture": "#0"},
				"east": {"uv": [0, 0.375, 0.375, 1.125], "texture": "#0"},
				"south": {"uv": [1.375, 0.375, 2, 1.125], "texture": "#0"},
				"west": {"uv": [1, 0.375, 1.375, 1.125], "texture": "#0"},
				"up": {"uv": [1, 0.375, 0.375, 0], "texture": "#0"},
				"down": {"uv": [1.625, 0, 1, 0.375], "texture": "#0"}
			}
		},
		{
			"from": [4, 8, -1.5],
			"to": [7, 13, 2.5],
			"rotation": {"angle": 0, "axis": "y", "origin": [8, 7.73223, 8.42179]},
			"faces": {
				"north": {"uv": [2.625, 6.875, 3, 7.5], "texture": "#0"},
				"east": {"uv": [2.125, 6.875, 2.625, 7.5], "texture": "#0"},
				"south": {"uv": [3.5, 6.875, 3.875, 7.5], "texture": "#0"},
				"west": {"uv": [3, 6.875, 3.5, 7.5], "texture": "#0"},
				"up": {"uv": [3, 6.875, 2.625, 6.375], "texture": "#0"},
				"down": {"uv": [3.375, 6.375, 3, 6.875], "texture": "#0"}
			}
		},
		{
			"from": [3.75, 7.75, -1.75],
			"to": [7.25, 13.25, 2.75],
			"rotation": {"angle": 0, "axis": "y", "origin": [8, 7.73223, 8.42179]},
			"faces": {
				"north": {"uv": [6.75, 6.625, 7.125, 7.25], "texture": "#0"},
				"east": {"uv": [6.25, 6.625, 6.75, 7.25], "texture": "#0"},
				"south": {"uv": [7.625, 6.625, 8, 7.25], "texture": "#0"},
				"west": {"uv": [7.125, 6.625, 7.625, 7.25], "texture": "#0"},
				"up": {"uv": [7.125, 6.625, 6.75, 6.125], "texture": "#0"},
				"down": {"uv": [7.5, 6.125, 7.125, 6.625], "texture": "#0"}
			}
		},
		{
			"from": [1.6405, 9, -0.95846],
			"to": [8.6405, 12, 1.04154],
			"rotation": {"angle": 22.5, "axis": "y", "origin": [8, 7.73223, 8.42179]},
			"faces": {
				"north": {"uv": [4.125, 6.375, 5, 6.75], "texture": "#0"},
				"east": {"uv": [3.875, 6.375, 4.125, 6.75], "texture": "#0"},
				"south": {"uv": [5.25, 6.375, 6.125, 6.75], "texture": "#0"},
				"west": {"uv": [5, 6.375, 5.25, 6.75], "texture": "#0"},
				"up": {"uv": [5, 6.375, 4.125, 6.125], "texture": "#0"},
				"down": {"uv": [5.875, 6.125, 5, 6.375], "texture": "#0"}
			}
		},
		{
			"from": [-3.81075, 8.5, 1.46508],
			"to": [0.18925, 12.5, 4.46508],
			"rotation": {"angle": 0, "axis": "y", "origin": [8, 7.73223, 8.42179]},
			"faces": {
				"north": {"uv": [7.125, 0.375, 7.625, 0.875], "texture": "#0"},
				"east": {"uv": [6.75, 0.375, 7.125, 0.875], "texture": "#0"},
				"south": {"uv": [8, 0.375, 8.5, 0.875], "texture": "#0"},
				"west": {"uv": [7.625, 0.375, 8, 0.875], "texture": "#0"},
				"up": {"uv": [7.625, 0.375, 7.125, 0], "texture": "#0"},
				"down": {"uv": [8.125, 0, 7.625, 0.375], "texture": "#0"}
			}
		},
		{
			"from": [-4.06075, 8.25, 1.21508],
			"to": [0.43925, 12.75, 4.71508],
			"rotation": {"angle": 0, "axis": "y", "origin": [8, 7.73223, 8.42179]},
			"faces": {
				"north": {"uv": [0.375, 4.375, 0.875, 4.875], "texture": "#0"},
				"east": {"uv": [0, 4.375, 0.375, 4.875], "texture": "#0"},
				"south": {"uv": [1.25, 4.375, 1.75, 4.875], "texture": "#0"},
				"west": {"uv": [0.875, 4.375, 1.25, 4.875], "texture": "#0"},
				"up": {"uv": [0.875, 4.375, 0.375, 4], "texture": "#0"},
				"down": {"uv": [1.375, 4, 0.875, 4.375], "texture": "#0"}
			}
		},
		{
			"from": [-3.81075, 11.5, 4.71508],
			"to": [12.18925, 12.5, 4.71508],
			"rotation": {"angle": 0, "axis": "y", "origin": [-2.81075, 12, 4.71508]},
			"faces": {
				"north": {"uv": [0.5, 7.625, 2.5, 7.75], "texture": "#0"},
				"east": {"uv": [0.5, 7.625, 0.5, 7.75], "texture": "#0"},
				"south": {"uv": [2.5, 7.625, 4.5, 7.75], "texture": "#0"},
				"west": {"uv": [2.5, 7.625, 2.5, 7.75], "texture": "#0"},
				"up": {"uv": [2.5, 7.625, 0.5, 7.625], "texture": "#0"},
				"down": {"uv": [4.5, 7.625, 2.5, 7.625], "texture": "#0"}
			}
		},
		{
			"from": [3.81075, 11.5, 4.71508],
			"to": [19.81075, 12.5, 4.71508],
			"rotation": {"angle": 0, "axis": "y", "origin": [18.81075, 12, 4.71508]},
			"faces": {
				"north": {"uv": [2.5, 7.625, 0.5, 7.75], "texture": "#0"},
				"east": {"uv": [2.5, 7.625, 2.5, 7.75], "texture": "#0"},
				"south": {"uv": [4.5, 7.625, 2.5, 7.75], "texture": "#0"},
				"west": {"uv": [0.5, 7.625, 0.5, 7.75], "texture": "#0"},
				"up": {"uv": [0.5, 7.625, 2.5, 7.625], "texture": "#0"},
				"down": {"uv": [2.5, 7.625, 4.5, 7.625], "texture": "#0"}
			}
		},
		{
			"from": [1.3905, 8.75, -1.20846],
			"to": [8.8905, 12.25, 1.29154],
			"rotation": {"angle": 22.5, "axis": "y", "origin": [8, 7.73223, 8.42179]},
			"faces": {
				"north": {"uv": [6.25, 3.375, 7.125, 3.75], "texture": "#0"},
				"east": {"uv": [6, 3.375, 6.25, 3.75], "texture": "#0"},
				"south": {"uv": [7.375, 3.375, 8.25, 3.75], "texture": "#0"},
				"west": {"uv": [7.125, 3.375, 7.375, 3.75], "texture": "#0"},
				"up": {"uv": [7.125, 3.375, 6.25, 3.125], "texture": "#0"},
				"down": {"uv": [8, 3.125, 7.125, 3.375], "texture": "#0"}
			}
		},
		{
			"from": [7.1095, 8.75, -1.20846],
			"to": [14.6095, 12.25, 1.29154],
			"rotation": {"angle": -22.5, "axis": "y", "origin": [8, 7.73223, 8.42179]},
			"faces": {
				"north": {"uv": [2, 5.75, 2.875, 6.125], "texture": "#0"},
				"east": {"uv": [1.75, 5.75, 2, 6.125], "texture": "#0"},
				"south": {"uv": [3.125, 5.75, 4, 6.125], "texture": "#0"},
				"west": {"uv": [2.875, 5.75, 3.125, 6.125], "texture": "#0"},
				"up": {"uv": [2.875, 5.75, 2, 5.5], "texture": "#0"},
				"down": {"uv": [3.75, 5.5, 2.875, 5.75], "texture": "#0"}
			}
		},
		{
			"from": [7.3595, 9, -0.95846],
			"to": [14.3595, 12, 1.04154],
			"rotation": {"angle": -22.5, "axis": "y", "origin": [8, 7.73223, 8.42179]},
			"faces": {
				"north": {"uv": [3.875, 3.375, 4.75, 3.75], "texture": "#0"},
				"east": {"uv": [3.625, 3.375, 3.875, 3.75], "texture": "#0"},
				"south": {"uv": [5, 3.375, 5.875, 3.75], "texture": "#0"},
				"west": {"uv": [4.75, 3.375, 5, 3.75], "texture": "#0"},
				"up": {"uv": [4.75, 3.375, 3.875, 3.125], "texture": "#0"},
				"down": {"uv": [5.625, 3.125, 4.75, 3.375], "texture": "#0"}
			}
		},
		{
			"from": [15.81075, 8.5, 1.46508],
			"to": [19.81075, 12.5, 4.46508],
			"rotation": {"angle": 0, "axis": "y", "origin": [8, 7.73223, 8.42179]},
			"faces": {
				"north": {"uv": [4, 1.625, 4.5, 2.125], "texture": "#0"},
				"east": {"uv": [3.625, 1.625, 4, 2.125], "texture": "#0"},
				"south": {"uv": [4.875, 1.625, 5.375, 2.125], "texture": "#0"},
				"west": {"uv": [4.5, 1.625, 4.875, 2.125], "texture": "#0"},
				"up": {"uv": [4.5, 1.625, 4, 1.25], "texture": "#0"},
				"down": {"uv": [5, 1.25, 4.5, 1.625], "texture": "#0"}
			}
		},
		{
			"from": [15.56075, 8.25, 1.21508],
			"to": [20.06075, 12.75, 4.71508],
			"rotation": {"angle": 0, "axis": "y", "origin": [8, 7.73223, 8.42179]},
			"faces": {
				"north": {"uv": [0.375, 1.625, 0.875, 2.125], "texture": "#0"},
				"east": {"uv": [0, 1.625, 0.375, 2.125], "texture": "#0"},
				"south": {"uv": [1.25, 1.625, 1.75, 2.125], "texture": "#0"},
				"west": {"uv": [0.875, 1.625, 1.25, 2.125], "texture": "#0"},
				"up": {"uv": [0.875, 1.625, 0.375, 1.25], "texture": "#0"},
				"down": {"uv": [1.375, 1.25, 0.875, 1.625], "texture": "#0"}
			}
		},
		{
			"from": [8.75, 7.75, -1.75],
			"to": [12.25, 13.25, 2.75],
			"rotation": {"angle": 0, "axis": "y", "origin": [8, 7.73223, 8.42179]},
			"faces": {
				"north": {"uv": [4.125, 0.5, 4.5, 1.125], "texture": "#0"},
				"east": {"uv": [3.625, 0.5, 4.125, 1.125], "texture": "#0"},
				"south": {"uv": [5, 0.5, 5.375, 1.125], "texture": "#0"},
				"west": {"uv": [4.5, 0.5, 5, 1.125], "texture": "#0"},
				"up": {"uv": [4.5, 0.5, 4.125, 0], "texture": "#0"},
				"down": {"uv": [4.875, 0, 4.5, 0.5], "texture": "#0"}
			}
		},
		{
			"from": [9, 8, -1.5],
			"to": [12, 13, 2.5],
			"rotation": {"angle": 0, "axis": "y", "origin": [8, 7.73223, 8.42179]},
			"faces": {
				"north": {"uv": [0.5, 3.25, 0.875, 3.875], "texture": "#0"},
				"east": {"uv": [0, 3.25, 0.5, 3.875], "texture": "#0"},
				"south": {"uv": [1.375, 3.25, 1.75, 3.875], "texture": "#0"},
				"west": {"uv": [0.875, 3.25, 1.375, 3.875], "texture": "#0"},
				"up": {"uv": [0.875, 3.25, 0.5, 2.75], "texture": "#0"},
				"down": {"uv": [1.25, 2.75, 0.875, 3.25], "texture": "#0"}
			}
		}
	],
	"display": {
		"thirdperson_righthand": {
			"translation": [0, -0.75, -3.5],
			"scale": [0.8, 0.8, 0.8]
		},
		"thirdperson_lefthand": {
			"translation": [0, -0.75, -3.75],
			"scale": [0.8, 0.8, 0.8]
		},
		"firstperson_righthand": {
			"translation": [4.75, -1.25, 0]
		},
		"firstperson_lefthand": {
			"translation": [4.75, -1.5, 0.5]
		},
		"ground": {
			"translation": [0, 1, 0],
			"scale": [0.65, 0.65, 0.65]
		},
		"gui": {
			"rotation": [90, 45, 0],
			"translation": [1.25, -1.25, 0],
			"scale": [0.7, 0.7, 0.7]
		},
		"fixed": {
			"rotation": [90, -45, -180],
			"translation": [-1.5, -1.75, 0],
			"scale": [0.8, 0.8, 0.8]
		},
		"on_shelf": {
			"rotation": [90, 0, 0],
			"translation": [0.25, 0, 0],
			"scale": [0.8, 0.8, 0.8]
		}
	},
	"groups": [
		{
			"name": "Crossbow",
			"origin": [16, 10.5, -7.5],
			"color": 0,
			"children": [
				0,
				1,
				2,
				3,
				4,
				5,
				6,
				7,
				8,
				9,
				10,
				11,
				12,
				13,
				14,
				{
					"name": "Right",
					"origin": [-3.81075, 12, 4.71508],
					"color": 0,
					"children": [15]
				},
				{
					"name": "Left",
					"origin": [19.81075, 12, 4.71508],
					"color": 0,
					"children": [16]
				},
				17,
				18,
				19,
				20,
				21,
				22,
				23
			]
		}
	]
}
