{
	"texture_size": [64, 64],
	"textures": {
		"0": "probablybackpacks:item/backpack",
		"1": "probablybackpacks:item/type_diamond",
		"particle": "probablybackpacks:item/backpack"
	},
	"elements": [
		{
			"name": "Base",
			"from": [3, 0, 4],
			"to": [13, 12, 11],
			"rotation": {"angle": 0, "axis": "y", "origin": [8, 6, 7.5]},
			"faces": {
				"north": {"uv": [1.75, 1.75, 4.25, 4.75], "texture": "#0"},
				"east": {"uv": [0, 1.75, 1.75, 4.75], "texture": "#0"},
				"south": {"uv": [6, 1.75, 8.5, 4.75], "texture": "#0"},
				"west": {"uv": [4.25, 1.75, 6, 4.75], "texture": "#0"},
				"up": {"uv": [4.25, 1.75, 1.75, 0], "texture": "#0"},
				"down": {"uv": [6.75, 0, 4.25, 1.75], "texture": "#0"}
			}
		},
		{
			"name": "Front pocket",
			"from": [5, 0, 2],
			"to": [11, 4, 4],
			"faces": {
				"north": {"uv": [2, 5.25, 0.5, 6.25], "texture": "#0"},
				"east": {"uv": [2.5, 5.25, 2, 6.25], "texture": "#0"},
				"south": {"uv": [4, 5.25, 2.5, 6.25], "texture": "#0"},
				"west": {"uv": [0.5, 5.25, 0, 6.25], "texture": "#0"},
				"up": {"uv": [0.5, 5.25, 2, 4.75], "texture": "#0"},
				"down": {"uv": [2, 4.75, 3.5, 5.25], "texture": "#0"}
			}
		},
		{
			"name": "right strap",
			"from": [5, 6, 3],
			"to": [6, 12.1, 11.1],
			"faces": {
				"north": {"uv": [6.25, 4.75, 6.5, 6.275], "texture": "#0"},
				"east": {"uv": [4.25, 4.75, 6.275, 6.275], "texture": "#0"},
				"south": {"uv": [6.25, 4.75, 6.5, 6.275], "texture": "#0"},
				"west": {"uv": [4.25, 4.75, 6.275, 6.275], "texture": "#0"},
				"up": {"uv": [4, 4.75, 4.25, 6.775], "texture": "#0"},
				"down": {"uv": [4, 4.75, 4.25, 6.775], "texture": "#0"}
			}
		},
		{
			"name": "left strap",
			"from": [10, 6, 3],
			"to": [11, 12.1, 11.1],
			"faces": {
				"north": {"uv": [6.25, 4.75, 6.5, 6.275], "texture": "#0"},
				"east": {"uv": [4.25, 4.75, 6.275, 6.275], "texture": "#0"},
				"south": {"uv": [6.25, 4.75, 6.5, 6.275], "texture": "#0"},
				"west": {"uv": [4.25, 4.75, 6.275, 6.275], "texture": "#0"},
				"up": {"uv": [4, 4.75, 4.25, 6.775], "texture": "#0"},
				"down": {"uv": [4, 4.75, 4.25, 6.775], "texture": "#0"}
			}
		},
		{
			"name": "right pocket",
			"from": [1, 0, 5],
			"to": [3, 5, 10],
			"faces": {
				"north": {"uv": [7.75, 4.75, 8.25, 6], "texture": "#0"},
				"east": {"uv": [6.5, 4.75, 7.75, 6], "texture": "#0"},
				"south": {"uv": [7.75, 4.75, 8.25, 6], "texture": "#0"},
				"west": {"uv": [6.5, 6, 7.75, 7.25], "texture": "#0"},
				"up": {"uv": [8.25, 4.75, 8.75, 6], "texture": "#0"},
				"down": {"uv": [7.75, 4.75, 8.25, 6], "texture": "#0"}
			}
		},
		{
			"name": "left pocket",
			"from": [13, 0, 5],
			"to": [15, 5, 10],
			"faces": {
				"north": {"uv": [7.75, 4.75, 8.25, 6], "texture": "#0"},
				"east": {"uv": [6.5, 4.75, 7.75, 6], "texture": "#0"},
				"south": {"uv": [7.75, 4.75, 8.25, 6], "texture": "#0"},
				"west": {"uv": [6.5, 4.75, 7.75, 6], "texture": "#0"},
				"up": {"uv": [8.25, 4.75, 8.75, 6], "texture": "#0"},
				"down": {"uv": [7.75, 4.75, 8.25, 6], "texture": "#0"}
			}
		},
		{
			"name": "right top pocket",
			"from": [2, 6, 5.5],
			"to": [3, 10, 9.5],
			"faces": {
				"north": {"uv": [0.25, 0, 0.5, 1], "texture": "#0"},
				"east": {"uv": [0.5, 0, 1.5, 1], "texture": "#0"},
				"south": {"uv": [0.25, 0, 0.5, 1], "texture": "#0"},
				"west": {"uv": [7, 0, 8, 1], "texture": "#0"},
				"up": {"uv": [0, 0, 0.25, 1], "texture": "#0"},
				"down": {"uv": [0.25, 0, 0.5, 1], "texture": "#0"}
			}
		},
		{
			"name": "left top pocket",
			"from": [13, 6, 5.5],
			"to": [14, 10, 9.5],
			"faces": {
				"north": {"uv": [0.25, 0, 0.5, 1], "texture": "#0"},
				"east": {"uv": [0.5, 0, 1.5, 1], "texture": "#0"},
				"south": {"uv": [0.25, 0, 0.5, 1], "texture": "#0"},
				"west": {"uv": [0.5, 0, 1.5, 1], "texture": "#0"},
				"up": {"uv": [0, 0, 0.25, 1], "texture": "#0"},
				"down": {"uv": [0.25, 0, 0.5, 1], "texture": "#0"}
			}
		},
		{
			"name": "type_1",
			"from": [4.9, 5.9, 2.9],
			"to": [6.1, 8.2, 4],
			"rotation": {"angle": 0, "axis": "y", "origin": [5, 6, 3]},
			"faces": {
				"north": {"uv": [10, 0, 11, 2], "texture": "#1"},
				"east": {"uv": [11, 0, 12, 2], "texture": "#1"},
				"south": {"uv": [12, 0, 13, 2], "texture": "#1"},
				"west": {"uv": [13, 0, 14, 2], "texture": "#1"},
				"up": {"uv": [14, 0, 15, 1], "texture": "#1"},
				"down": {"uv": [15, 0, 16, 1], "texture": "#1"}
			}
		},
		{
			"name": "type_2",
			"from": [9.9, 5.9, 2.9],
			"to": [11.1, 8.2, 4],
			"rotation": {"angle": 0, "axis": "y", "origin": [10, 6, 3]},
			"faces": {
				"north": {"uv": [10, 0, 11, 2], "texture": "#1"},
				"east": {"uv": [11, 0, 12, 2], "texture": "#1"},
				"south": {"uv": [12, 0, 13, 2], "texture": "#1"},
				"west": {"uv": [13, 0, 14, 2], "texture": "#1"},
				"up": {"uv": [14, 0, 15, 1], "texture": "#1"},
				"down": {"uv": [15, 0, 16, 1], "texture": "#1"}
			}
		},
		{
			"name": "type_3",
			"from": [8.9, 1, 1.9],
			"to": [10.1, 3, 3],
			"rotation": {"angle": 0, "axis": "y", "origin": [9, 1, 2]},
			"faces": {
				"north": {"uv": [10, 0, 11, 2], "texture": "#1"},
				"east": {"uv": [11, 0, 12, 2], "texture": "#1"},
				"south": {"uv": [12, 0, 13, 2], "texture": "#1"},
				"west": {"uv": [13, 0, 14, 2], "texture": "#1"},
				"up": {"uv": [14, 0, 15, 1], "texture": "#1"},
				"down": {"uv": [15, 0, 16, 1], "texture": "#1"}
			}
		},
		{
			"name": "type_4",
			"from": [5.9, 1, 1.9],
			"to": [7.1, 3, 3],
			"rotation": {"angle": 0, "axis": "y", "origin": [6, 1, 2]},
			"faces": {
				"north": {"uv": [10, 0, 11, 2], "texture": "#1"},
				"east": {"uv": [11, 0, 12, 2], "texture": "#1"},
				"south": {"uv": [12, 0, 13, 2], "texture": "#1"},
				"west": {"uv": [13, 0, 14, 2], "texture": "#1"},
				"up": {"uv": [14, 0, 15, 1], "texture": "#1"},
				"down": {"uv": [15, 0, 16, 1], "texture": "#1"}
			}
		},
		{
			"name": "type_5",
			"from": [0.9, 2, 7.9],
			"to": [2.1, 4, 9],
			"rotation": {"angle": 0, "axis": "y", "origin": [1, 2, 8]},
			"faces": {
				"north": {"uv": [10, 0, 11, 2], "texture": "#1"},
				"east": {"uv": [11, 0, 12, 2], "texture": "#1"},
				"south": {"uv": [12, 0, 13, 2], "texture": "#1"},
				"west": {"uv": [13, 0, 14, 2], "texture": "#1"},
				"up": {"uv": [14, 0, 15, 1], "texture": "#1"},
				"down": {"uv": [15, 0, 16, 1], "texture": "#1"}
			}
		},
		{
			"name": "type_6",
			"from": [13.9, 2, 7.9],
			"to": [15.1, 4, 9],
			"rotation": {"angle": 0, "axis": "y", "origin": [14, 2, 8]},
			"faces": {
				"north": {"uv": [10, 0, 11, 2], "texture": "#1"},
				"east": {"uv": [11, 0, 12, 2], "texture": "#1"},
				"south": {"uv": [12, 0, 13, 2], "texture": "#1"},
				"west": {"uv": [13, 0, 14, 2], "texture": "#1"},
				"up": {"uv": [14, 0, 15, 1], "texture": "#1"},
				"down": {"uv": [15, 0, 16, 1], "texture": "#1"}
			}
		},
		{
			"name": "type_7",
			"from": [12.9, 8, 7.5],
			"to": [14.1, 9, 8.6],
			"rotation": {"angle": 0, "axis": "y", "origin": [13, 8, 8]},
			"faces": {
				"north": {"uv": [10, 0, 11, 1], "texture": "#1"},
				"east": {"uv": [11, 0, 12, 1], "texture": "#1"},
				"south": {"uv": [12, 0, 13, 1], "texture": "#1"},
				"west": {"uv": [13, 0, 14, 1], "texture": "#1"},
				"up": {"uv": [14, 0, 15, 1], "texture": "#1"},
				"down": {"uv": [15, 0, 16, 1], "texture": "#1"}
			}
		},
		{
			"name": "type_8",
			"from": [1.9, 8, 7.5],
			"to": [3.1, 9, 8.6],
			"rotation": {"angle": 0, "axis": "y", "origin": [2, 8, 8]},
			"faces": {
				"north": {"uv": [10, 0, 11, 1], "texture": "#1"},
				"east": {"uv": [11, 0, 12, 1], "texture": "#1"},
				"south": {"uv": [12, 0, 13, 1], "texture": "#1"},
				"west": {"uv": [13, 0, 14, 1], "texture": "#1"},
				"up": {"uv": [14, 0, 15, 1], "texture": "#1"},
				"down": {"uv": [15, 0, 16, 1], "texture": "#1"}
			}
		}
	],
	"gui_light": "front",
	"display": {
		"thirdperson_righthand": {
			"rotation": [90, 0, 0]
		},
		"thirdperson_lefthand": {
			"rotation": [90, 0, 0]
		},
		"ground": {
			"rotation": [0, -180, 0],
			"scale": [0.4, 0.4, 0.4]
		},
		"gui": {
			"rotation": [-162.8, -45.47, -172.03],
			"translation": [0, 2, 0]
		},
		"head": {
			"rotation": [0, -180, 0],
			"translation": [0, -60, 8],
			"scale": [1.5, 1.5, 1.5]
		},
		"on_shelf": {
			"rotation": [0, -180, 0]
		}
	}
}