{"model":{"type":"minecraft:range_dispatch","property":"minecraft:custom_model_data","entries":[{"threshold":0.0,"model":{"type":"minecraft:model","model":"nova:gen_model/nova/core/3034"}},{"threshold":0.0625,"model":{"type":"minecraft:model","model":"nova:gen_model/nova/core/3035"}},{"threshold":0.125,"model":{"type":"minecraft:model","model":"nova:gen_model/nova/core/3036"}},{"threshold":0.1875,"model":{"type":"minecraft:model","model":"nova:gen_model/nova/core/3037"}},{"threshold":0.25,"model":{"type":"minecraft:model","model":"nova:gen_model/nova/core/3038"}},{"threshold":0.3125,"model":{"type":"minecraft:model","model":"nova:gen_model/nova/core/3039"}},{"threshold":0.375,"model":{"type":"minecraft:model","model":"nova:gen_model/nova/core/3040"}},{"threshold":0.4375,"model":{"type":"minecraft:model","model":"nova:gen_model/nova/core/3041"}},{"threshold":0.5,"model":{"type":"minecraft:model","model":"nova:gen_model/nova/core/3042"}},{"threshold":0.5625,"model":{"type":"minecraft:model","model":"nova:gen_model/nova/core/3043"}},{"threshold":0.625,"model":{"type":"minecraft:model","model":"nova:gen_model/nova/core/3044"}},{"threshold":0.6875,"model":{"type":"minecraft:model","model":"nova:gen_model/nova/core/3045"}},{"threshold":0.75,"model":{"type":"minecraft:model","model":"nova:gen_model/nova/core/3046"}},{"threshold":0.8125,"model":{"type":"minecraft:model","model":"nova:gen_model/nova/core/3047"}},{"threshold":0.875,"model":{"type":"minecraft:model","model":"nova:gen_model/nova/core/3048"}},{"threshold":0.9375,"model":{"type":"minecraft:model","model":"nova:gen_model/nova/core/3049"}},{"threshold":1.0,"model":{"type":"minecraft:model","model":"nova:gen_model/nova/core/3050"}}]},"oversized_in_gui":true}