{"model":{"type":"minecraft:range_dispatch","property":"minecraft:custom_model_data","entries":[{"threshold":0.0,"model":{"type":"minecraft:model","model":"nova:gen_model/nova/core/2925"}},{"threshold":0.0625,"model":{"type":"minecraft:model","model":"nova:gen_model/nova/core/2926"}},{"threshold":0.125,"model":{"type":"minecraft:model","model":"nova:gen_model/nova/core/2927"}},{"threshold":0.1875,"model":{"type":"minecraft:model","model":"nova:gen_model/nova/core/2928"}},{"threshold":0.25,"model":{"type":"minecraft:model","model":"nova:gen_model/nova/core/2929"}},{"threshold":0.3125,"model":{"type":"minecraft:model","model":"nova:gen_model/nova/core/2930"}},{"threshold":0.375,"model":{"type":"minecraft:model","model":"nova:gen_model/nova/core/2931"}},{"threshold":0.4375,"model":{"type":"minecraft:model","model":"nova:gen_model/nova/core/2932"}},{"threshold":0.5,"model":{"type":"minecraft:model","model":"nova:gen_model/nova/core/2933"}},{"threshold":0.5625,"model":{"type":"minecraft:model","model":"nova:gen_model/nova/core/2934"}},{"threshold":0.625,"model":{"type":"minecraft:model","model":"nova:gen_model/nova/core/2935"}},{"threshold":0.6875,"model":{"type":"minecraft:model","model":"nova:gen_model/nova/core/2936"}},{"threshold":0.75,"model":{"type":"minecraft:model","model":"nova:gen_model/nova/core/2937"}},{"threshold":0.8125,"model":{"type":"minecraft:model","model":"nova:gen_model/nova/core/2938"}},{"threshold":0.875,"model":{"type":"minecraft:model","model":"nova:gen_model/nova/core/2939"}},{"threshold":0.9375,"model":{"type":"minecraft:model","model":"nova:gen_model/nova/core/2940"}},{"threshold":1.0,"model":{"type":"minecraft:model","model":"nova:gen_model/nova/core/2941"}}]},"oversized_in_gui":true}