{
  "model": {
    "type": "minecraft:select",
    "cases": [
      {
        "model": {
          "type": "minecraft:model",
          "model": "curiospaper:item/elytra_iron_chestplate_quartz_trim"
        },
        "when": "minecraft:quartz"
      },
      {
        "model": {
          "type": "minecraft:model",
          "model": "curiospaper:item/elytra_iron_chestplate_iron_trim"
        },
        "when": "minecraft:iron"
      },
      {
        "model": {
          "type": "minecraft:model",
          "model": "curiospaper:item/elytra_iron_chestplate_netherite_trim"
        },
        "when": "minecraft:netherite"
      },
      {
        "model": {
          "type": "minecraft:model",
          "model": "curiospaper:item/elytra_iron_chestplate_redstone_trim"
        },
        "when": "minecraft:redstone"
      },
      {
        "model": {
          "type": "minecraft:model",
          "model": "curiospaper:item/elytra_iron_chestplate_copper_trim"
        },
        "when": "minecraft:copper"
      },
      {
        "model": {
          "type": "minecraft:model",
          "model": "curiospaper:item/elytra_iron_chestplate_gold_trim"
        },
        "when": "minecraft:gold"
      },
      {
        "model": {
          "type": "minecraft:model",
          "model": "curiospaper:item/elytra_iron_chestplate_emerald_trim"
        },
        "when": "minecraft:emerald"
      },
      {
        "model": {
          "type": "minecraft:model",
          "model": "curiospaper:item/elytra_iron_chestplate_diamond_trim"
        },
        "when": "minecraft:diamond"
      },
      {
        "model": {
          "type": "minecraft:model",
          "model": "curiospaper:item/elytra_iron_chestplate_lapis_trim"
        },
        "when": "minecraft:lapis"
      },
      {
        "model": {
          "type": "minecraft:model",
          "model": "curiospaper:item/elytra_iron_chestplate_amethyst_trim"
        },
        "when": "minecraft:amethyst"
      },
      {
        "model": {
          "type": "minecraft:model",
          "model": "curiospaper:item/elytra_iron_chestplate_resin_trim"
        },
        "when": "minecraft:resin"
      }
    ],
    "fallback": {
      "type": "minecraft:model",
      "model": "curiospaper:item/elytra_iron_chestplate"
    },
    "property": "minecraft:trim_material"
  }
}