{"model":{"type":"minecraft:range_dispatch","property":"minecraft:custom_model_data","entries":[{"threshold":0.0,"model":{"type":"minecraft:model","model":"nova:gen_model/nova/core/3051"}},{"threshold":1.0,"model":{"type":"minecraft:model","model":"nova:gen_model/nova/core/3052"}},{"threshold":2.0,"model":{"type":"minecraft:model","model":"nova:gen_model/nova/core/3053"}},{"threshold":3.0,"model":{"type":"minecraft:model","model":"nova:gen_model/nova/core/3054"}},{"threshold":4.0,"model":{"type":"minecraft:model","model":"nova:gen_model/nova/core/3055"}},{"threshold":5.0,"model":{"type":"minecraft:model","model":"nova:gen_model/nova/core/3056"}},{"threshold":6.0,"model":{"type":"minecraft:model","model":"nova:gen_model/nova/core/3057"}},{"threshold":7.0,"model":{"type":"minecraft:model","model":"nova:gen_model/nova/core/3058"}},{"threshold":8.0,"model":{"type":"minecraft:model","model":"nova:gen_model/nova/core/3059"}},{"threshold":9.0,"model":{"type":"minecraft:model","model":"nova:gen_model/nova/core/3060"}},{"threshold":10.0,"model":{"type":"minecraft:model","model":"nova:gen_model/nova/core/3061"}},{"threshold":11.0,"model":{"type":"minecraft:model","model":"nova:gen_model/nova/core/3062"}},{"threshold":12.0,"model":{"type":"minecraft:model","model":"nova:gen_model/nova/core/3063"}},{"threshold":13.0,"model":{"type":"minecraft:model","model":"nova:gen_model/nova/core/3064"}},{"threshold":14.0,"model":{"type":"minecraft:model","model":"nova:gen_model/nova/core/3065"}},{"threshold":15.0,"model":{"type":"minecraft:model","model":"nova:gen_model/nova/core/3066"}},{"threshold":16.0,"model":{"type":"minecraft:model","model":"nova:gen_model/nova/core/3067"}},{"threshold":17.0,"model":{"type":"minecraft:model","model":"nova:gen_model/nova/core/3068"}},{"threshold":18.0,"model":{"type":"minecraft:model","model":"nova:gen_model/nova/core/3069"}},{"threshold":19.0,"model":{"type":"minecraft:model","model":"nova:gen_model/nova/core/3070"}},{"threshold":20.0,"model":{"type":"minecraft:model","model":"nova:gen_model/nova/core/3071"}},{"threshold":21.0,"model":{"type":"minecraft:model","model":"nova:gen_model/nova/core/3072"}},{"threshold":22.0,"model":{"type":"minecraft:model","model":"nova:gen_model/nova/core/3073"}},{"threshold":23.0,"model":{"type":"minecraft:model","model":"nova:gen_model/nova/core/3074"}},{"threshold":24.0,"model":{"type":"minecraft:model","model":"nova:gen_model/nova/core/3075"}},{"threshold":25.0,"model":{"type":"minecraft:model","model":"nova:gen_model/nova/core/3076"}},{"threshold":26.0,"model":{"type":"minecraft:model","model":"nova:gen_model/nova/core/3077"}},{"threshold":27.0,"model":{"type":"minecraft:model","model":"nova:gen_model/nova/core/3078"}},{"threshold":28.0,"model":{"type":"minecraft:model","model":"nova:gen_model/nova/core/3079"}},{"threshold":29.0,"model":{"type":"minecraft:model","model":"nova:gen_model/nova/core/3080"}},{"threshold":30.0,"model":{"type":"minecraft:model","model":"nova:gen_model/nova/core/3081"}},{"threshold":31.0,"model":{"type":"minecraft:model","model":"nova:gen_model/nova/core/3082"}},{"threshold":32.0,"model":{"type":"minecraft:model","model":"nova:gen_model/nova/core/3083"}},{"threshold":33.0,"model":{"type":"minecraft:model","model":"nova:gen_model/nova/core/3084"}},{"threshold":34.0,"model":{"type":"minecraft:model","model":"nova:gen_model/nova/core/3085"}},{"threshold":35.0,"model":{"type":"minecraft:model","model":"nova:gen_model/nova/core/3086"}},{"threshold":36.0,"model":{"type":"minecraft:model","model":"nova:gen_model/nova/core/3087"}},{"threshold":37.0,"model":{"type":"minecraft:model","model":"nova:gen_model/nova/core/3088"}},{"threshold":38.0,"model":{"type":"minecraft:model","model":"nova:gen_model/nova/core/3089"}},{"threshold":39.0,"model":{"type":"minecraft:model","model":"nova:gen_model/nova/core/3090"}},{"threshold":40.0,"model":{"type":"minecraft:model","model":"nova:gen_model/nova/core/3091"}},{"threshold":41.0,"model":{"type":"minecraft:model","model":"nova:gen_model/nova/core/3092"}},{"threshold":42.0,"model":{"type":"minecraft:model","model":"nova:gen_model/nova/core/3093"}},{"threshold":43.0,"model":{"type":"minecraft:model","model":"nova:gen_model/nova/core/3094"}},{"threshold":44.0,"model":{"type":"minecraft:model","model":"nova:gen_model/nova/core/3095"}},{"threshold":45.0,"model":{"type":"minecraft:model","model":"nova:gen_model/nova/core/3096"}},{"threshold":46.0,"model":{"type":"minecraft:model","model":"nova:gen_model/nova/core/3097"}},{"threshold":47.0,"model":{"type":"minecraft:model","model":"nova:gen_model/nova/core/3098"}},{"threshold":48.0,"model":{"type":"minecraft:model","model":"nova:gen_model/nova/core/3099"}},{"threshold":49.0,"model":{"type":"minecraft:model","model":"nova:gen_model/nova/core/3100"}},{"threshold":50.0,"model":{"type":"minecraft:model","model":"nova:gen_model/nova/core/3101"}},{"threshold":51.0,"model":{"type":"minecraft:model","model":"nova:gen_model/nova/core/3102"}},{"threshold":52.0,"model":{"type":"minecraft:model","model":"nova:gen_model/nova/core/3103"}},{"threshold":53.0,"model":{"type":"minecraft:model","model":"nova:gen_model/nova/core/3104"}},{"threshold":54.0,"model":{"type":"minecraft:model","model":"nova:gen_model/nova/core/3105"}},{"threshold":55.0,"model":{"type":"minecraft:model","model":"nova:gen_model/nova/core/3106"}},{"threshold":56.0,"model":{"type":"minecraft:model","model":"nova:gen_model/nova/core/3107"}},{"threshold":57.0,"model":{"type":"minecraft:model","model":"nova:gen_model/nova/core/3108"}},{"threshold":58.0,"model":{"type":"minecraft:model","model":"nova:gen_model/nova/core/3109"}},{"threshold":59.0,"model":{"type":"minecraft:model","model":"nova:gen_model/nova/core/3110"}},{"threshold":60.0,"model":{"type":"minecraft:model","model":"nova:gen_model/nova/core/3111"}},{"threshold":61.0,"model":{"type":"minecraft:model","model":"nova:gen_model/nova/core/3112"}},{"threshold":62.0,"model":{"type":"minecraft:model","model":"nova:gen_model/nova/core/3113"}},{"threshold":63.0,"model":{"type":"minecraft:model","model":"nova:gen_model/nova/core/3114"}},{"threshold":64.0,"model":{"type":"minecraft:model","model":"nova:gen_model/nova/core/3115"}},{"threshold":65.0,"model":{"type":"minecraft:model","model":"nova:gen_model/nova/core/3116"}},{"threshold":66.0,"model":{"type":"minecraft:model","model":"nova:gen_model/nova/core/3117"}},{"threshold":67.0,"model":{"type":"minecraft:model","model":"nova:gen_model/nova/core/3118"}},{"threshold":68.0,"model":{"type":"minecraft:model","model":"nova:gen_model/nova/core/3119"}},{"threshold":69.0,"model":{"type":"minecraft:model","model":"nova:gen_model/nova/core/3120"}},{"threshold":70.0,"model":{"type":"minecraft:model","model":"nova:gen_model/nova/core/3121"}},{"threshold":71.0,"model":{"type":"minecraft:model","model":"nova:gen_model/nova/core/3122"}},{"threshold":72.0,"model":{"type":"minecraft:model","model":"nova:gen_model/nova/core/3123"}},{"threshold":73.0,"model":{"type":"minecraft:model","model":"nova:gen_model/nova/core/3124"}},{"threshold":74.0,"model":{"type":"minecraft:model","model":"nova:gen_model/nova/core/3125"}},{"threshold":75.0,"model":{"type":"minecraft:model","model":"nova:gen_model/nova/core/3126"}},{"threshold":76.0,"model":{"type":"minecraft:model","model":"nova:gen_model/nova/core/3127"}},{"threshold":77.0,"model":{"type":"minecraft:model","model":"nova:gen_model/nova/core/3128"}},{"threshold":78.0,"model":{"type":"minecraft:model","model":"nova:gen_model/nova/core/3129"}},{"threshold":79.0,"model":{"type":"minecraft:model","model":"nova:gen_model/nova/core/3130"}},{"threshold":80.0,"model":{"type":"minecraft:model","model":"nova:gen_model/nova/core/3131"}},{"threshold":81.0,"model":{"type":"minecraft:model","model":"nova:gen_model/nova/core/3132"}},{"threshold":82.0,"model":{"type":"minecraft:model","model":"nova:gen_model/nova/core/3133"}},{"threshold":83.0,"model":{"type":"minecraft:model","model":"nova:gen_model/nova/core/3134"}},{"threshold":84.0,"model":{"type":"minecraft:model","model":"nova:gen_model/nova/core/3135"}},{"threshold":85.0,"model":{"type":"minecraft:model","model":"nova:gen_model/nova/core/3136"}},{"threshold":86.0,"model":{"type":"minecraft:model","model":"nova:gen_model/nova/core/3137"}},{"threshold":87.0,"model":{"type":"minecraft:model","model":"nova:gen_model/nova/core/3138"}},{"threshold":88.0,"model":{"type":"minecraft:model","model":"nova:gen_model/nova/core/3139"}},{"threshold":89.0,"model":{"type":"minecraft:model","model":"nova:gen_model/nova/core/3140"}},{"threshold":90.0,"model":{"type":"minecraft:model","model":"nova:gen_model/nova/core/3141"}},{"threshold":91.0,"model":{"type":"minecraft:model","model":"nova:gen_model/nova/core/3142"}},{"threshold":92.0,"model":{"type":"minecraft:model","model":"nova:gen_model/nova/core/3143"}},{"threshold":93.0,"model":{"type":"minecraft:model","model":"nova:gen_model/nova/core/3144"}},{"threshold":94.0,"model":{"type":"minecraft:model","model":"nova:gen_model/nova/core/3145"}},{"threshold":95.0,"model":{"type":"minecraft:model","model":"nova:gen_model/nova/core/3146"}},{"threshold":96.0,"model":{"type":"minecraft:model","model":"nova:gen_model/nova/core/3147"}},{"threshold":97.0,"model":{"type":"minecraft:model","model":"nova:gen_model/nova/core/3148"}},{"threshold":98.0,"model":{"type":"minecraft:model","model":"nova:gen_model/nova/core/3149"}},{"threshold":99.0,"model":{"type":"minecraft:model","model":"nova:gen_model/nova/core/3150"}},{"threshold":100.0,"model":{"type":"minecraft:model","model":"nova:gen_model/nova/core/3151"}}]},"oversized_in_gui":true}