{"model":{"type":"minecraft:range_dispatch","property":"minecraft:custom_model_data","entries":[{"threshold":0.0,"model":{"type":"minecraft:model","model":"logistics:block/cable/attachments/0"}},{"threshold":1.0,"model":{"type":"minecraft:model","model":"logistics:block/cable/attachments/1"}},{"threshold":2.0,"model":{"type":"minecraft:model","model":"logistics:block/cable/attachments/2"}},{"threshold":3.0,"model":{"type":"minecraft:model","model":"logistics:block/cable/attachments/3"}},{"threshold":4.0,"model":{"type":"minecraft:model","model":"logistics:block/cable/attachments/4"}},{"threshold":5.0,"model":{"type":"minecraft:model","model":"logistics:block/cable/attachments/5"}},{"threshold":6.0,"model":{"type":"minecraft:model","model":"logistics:block/cable/attachments/6"}},{"threshold":7.0,"model":{"type":"minecraft:model","model":"logistics:block/cable/attachments/7"}},{"threshold":8.0,"model":{"type":"minecraft:model","model":"logistics:block/cable/attachments/8"}},{"threshold":9.0,"model":{"type":"minecraft:model","model":"logistics:block/cable/attachments/9"}},{"threshold":10.0,"model":{"type":"minecraft:model","model":"logistics:block/cable/attachments/10"}},{"threshold":11.0,"model":{"type":"minecraft:model","model":"logistics:block/cable/attachments/11"}},{"threshold":12.0,"model":{"type":"minecraft:model","model":"logistics:block/cable/attachments/12"}},{"threshold":13.0,"model":{"type":"minecraft:model","model":"logistics:block/cable/attachments/13"}},{"threshold":14.0,"model":{"type":"minecraft:model","model":"logistics:block/cable/attachments/14"}},{"threshold":15.0,"model":{"type":"minecraft:model","model":"logistics:block/cable/attachments/15"}}]},"oversized_in_gui":true}