{
  "model": {
    "type": "minecraft:select",
    "property": "minecraft:charge_type",
    "cases": [
      {
        "when": "arrow",
        "model": {
          "type": "minecraft:model",
          "model": "elitemobs:equipment/ultimatium_crossbow_pulling_2"
        }
      },
      {
        "when": "rocket",
        "model": {
          "type": "minecraft:model",
          "model": "elitemobs:equipment/ultimatium_crossbow_pulling_2"
        }
      }
    ],
    "fallback": {
      "type": "minecraft:condition",
      "property": "minecraft:using_item",
      "on_true": {
        "type": "minecraft:range_dispatch",
        "property": "minecraft:crossbow/pull",
        "fallback": {
          "type": "minecraft:model",
          "model": "elitemobs:equipment/ultimatium_crossbow_pulling_0"
        },
        "entries": [
          {
            "threshold": 0.58,
            "model": {
              "type": "minecraft:model",
              "model": "elitemobs:equipment/ultimatium_crossbow_pulling_1"
            }
          },
          {
            "threshold": 1.0,
            "model": {
              "type": "minecraft:model",
              "model": "elitemobs:equipment/ultimatium_crossbow_pulling_2"
            }
          }
        ]
      },
      "on_false": {
        "type": "minecraft:model",
        "model": "elitemobs:equipment/ultimatium_crossbow"
      }
    }
  }
}
